dtname,block_name,object_id,net_sown_area_in_hac,avg_electricity,avg_tele,block_piped_hhds_pct,block_nosanitation_hhds_pct,total_hhd
Bargarh,AMBABHONA,21-370-03310,12877.35,8.438573918817964,2.0,9.213912177305554,10.766165850419192,12047.0
Bargarh,ATTABIRA,21-370-03311,18706.88,10.10168534795581,2.0,6.797838883960971,19.587130070155634,24802.0
Bargarh,BARGARH,21-370-03312,22860.59,11.669563568032201,3.0,8.162540088203025,12.83320633428814,41982.0
Bargarh,BARPALI,21-370-03313,43673.64,12.449826359086194,3.0,13.739674703187031,16.408325013431202,81858.0
Bargarh,BHATLI,21-370-03314,14304.56,11.062102479811335,2.0,27.756735510612447,24.31215607803902,13993.0
Bargarh,BHEDEN,21-370-03315,23621.1613,10.453585533831642,2.0,11.401246858373861,11.930019257760225,30637.0
Bargarh,BIJEPUR,21-370-03316,11020.65,9.334913451529744,3.0,8.258606803705,9.85636159540957,24686.0
Bargarh,GAISILET,21-370-03317,15060.91,9.516126601356444,2.0,8.172569706103994,11.379050489826676,26540.0
Bargarh,JHARBANDH,21-370-03318,9861.29,10.651541951857263,2.0,7.167576713066215,30.385295700992078,13003.0
Bargarh,PADAMPUR,21-370-03319,25973.21,10.910405122930895,3.0,7.8876466832953875,13.77976228808233,34316.0
Bargarh,PAIKMAL,21-370-03320,30607.55,9.042847694633409,2.0,6.301965230536659,27.906903502141596,31752.0
Bargarh,SOHELLA,21-370-03321,26021.33,9.985838779956428,2.0,5.78218516014324,10.272205944957804,39933.0
Jharsuguda,JHARSUGUDA,21-371-03404,8021.03,10.823520302821748,2.0,14.848589125946319,6.579490708878183,29060.0
Jharsuguda,KIRMIRA,21-371-03405,6709.27,10.873622047244094,3.0,12.933070866141732,9.734251968503937,10160.0
Jharsuguda,KOLABIRA,21-371-03406,4242.796,11.023642847708361,2.0,4.464403645489368,5.956940958922203,7571.0
Jharsuguda,LAIKERA,21-371-03407,11291.45,10.375617792421746,2.0,7.215815485996705,12.471169686985172,12140.0
Jharsuguda,LAKHANPUR,21-371-03408,22608.3714,10.982670864103092,2.0,20.99796993144841,14.4782135396746,33989.0
Sambalpur,BAMRA,21-372-03558,15581.68,10.010985881108354,2.0,6.054441144159173,23.485372502746472,24577.0
Sambalpur,DHANKAUDA,21-372-03559,18937.553,16.134624257174337,3.0,14.792398887334992,11.540279196460459,63282.0
Sambalpur,JAMANKIRA,21-372-03560,17585.8,9.96519670558132,2.0,4.981608827762674,29.162002238925314,25012.0
Sambalpur,JUJOMURA,21-372-03561,14231.8,10.625361593235425,2.0,7.153983088562528,15.91010235870049,17976.0
Sambalpur,KUCHINDA,21-372-03562,19234.21,10.582074021546923,2.0,6.290621032068572,24.16230619772251,21727.0
Sambalpur,MANESWAR,21-372-03563,11791.24,10.64576745317441,2.0,6.208951593286305,7.917781561663829,16444.0
Sambalpur,NAKTIDEUL,21-372-03564,8528.98,10.10854271356784,3.0,8.800251256281408,24.497487437185928,15920.0
Sambalpur,RAIRAKHOL,21-372-03565,11469.54,10.458348716007356,3.0,3.4655052849286414,17.177408145423037,15205.0
Sambalpur,RENGALI,21-372-03566,14169.669,10.068365364956042,2.0,12.425884277243917,14.843590267838888,19564.0
Deogarh,BARKOTE,21-373-03346,14469.0062,10.504619311965639,2.0,14.327971149560355,14.194254224239232,24679.0
Deogarh,REAMAL,21-373-03347,13568.75,10.655232122800449,2.0,24.349494571321603,19.159490827405467,21368.0
Deogarh,TILEIBANI,21-373-03348,10921.94,9.267737296260787,3.0,12.969580754815654,13.483831604636974,22946.0
Sundargarh,BALISANKARA,21-374-03573,2941.59,10.492696386063622,3.0,2.6184808483012336,7.087210560484744,9242.0
Sundargarh,BARGAON,21-374-03574,15501.72,9.08294540837918,3.0,7.518690929609254,4.168429961912823,14178.0
Sundargarh,BISRA,21-374-03575,5161.2119999999995,9.364053828397427,3.0,17.39600216099406,8.914100486223663,20361.0
Sundargarh,BONAIGARH,21-374-03576,10389.72,9.204191151473944,2.0,12.466611626438736,13.933271817784469,20591.0
Sundargarh,GURUNDIA,21-374-03577,7520.5,8.761087267525037,3.0,3.1052764453420854,19.26281242110578,11883.0
Sundargarh,HEMGIR,21-374-03578,7029.68,8.329815655890997,3.0,8.235372695698638,13.3248730964467,14972.0
Sundargarh,KOIDA,21-374-03579,1028.62,5.889229039110334,3.0,1.1995501686867425,2.374109708859178,16006.0
Sundargarh,KUARMUNDA,21-374-03580,6151.73,9.026909302100474,3.0,12.835156325621915,3.237827896621818,20662.0
Sundargarh,KUTRA,21-374-03581,5570.78,9.229808578155389,3.0,8.245470365441703,4.120176067151193,19538.0
Sundargarh,LAHUNIPARA,21-374-03582,5968.56,7.46808110367893,3.0,10.777591973244148,14.853678929765886,23920.0
Sundargarh,LATHIKATA,21-374-03583,13343.16,9.18881996236147,3.0,1.9725378127831603,7.370878929392904,28694.0
Sundargarh,LEPHRIPARA,21-374-03584,3638.6,9.298162259076648,3.0,8.363962348722547,8.76736889287315,11155.0
Sundargarh,NUAGAON,21-374-03585,11949.37,9.12922530851459,3.0,5.563580832886211,5.299434561888646,24229.0
Sundargarh,RAJGANGPUR,21-374-03586,6260.81,9.967912164225124,3.0,4.054887727646516,12.579448108261028,28140.0
Sundargarh,SUBDEGA,21-374-03587,12903.49,10.016059003618146,3.0,5.808516559977734,12.301697745616476,35930.0
Sundargarh,SUNDARGARH,21-374-03588,12883.24,9.491508522638746,3.0,8.510174192141099,12.349256800972235,32091.0
Sundargarh,TANGARPALI,21-374-03589,4846.43,8.450069297541761,3.0,8.98679699467503,5.2884966080676925,13709.0
Kendujhar,ANANDAPUR,21-375-03443,28642.19,8.518976151315789,3.0,10.614720394736842,9.85608552631579,48640.0
Kendujhar,BANSAPAL,21-375-03444,26124.36,5.720909352104583,3.0,9.395201838816263,18.402528372360294,13922.0
Kendujhar,CHAMPUA,21-375-03445,15311.4112,9.515611616418191,2.0,9.234649845507263,11.226648010367121,31961.0
Kendujhar,GHASIPURA,21-375-03446,7117.88,8.477264381884945,2.0,10.795593635250919,24.52264381884945,16340.0
Kendujhar,GHATGAON,21-375-03447,12647.252,9.29903785239151,3.0,12.171365220145708,15.790307253721888,25256.0
Kendujhar,HARICHADANPUR,21-375-03448,13786.19,8.219856142343366,2.0,19.124234967505835,28.07117168275601,31698.0
Kendujhar,HATADIHI,21-375-03449,13874.289999999999,8.767178159111262,3.0,10.066074497180338,10.872038144105332,41317.0
Kendujhar,JHUMPURA,21-375-03450,8049.12,9.961105207226355,3.0,10.026567481402763,10.127523910733263,18820.0
Kendujhar,JODA,21-375-03451,7481.52382,9.09015512210106,2.0,8.650744893257563,16.564275840884658,26044.0
Kendujhar,KENDUJHAR SADAR,21-375-03452,35563.04,9.354177721178676,2.0,11.486080158477485,14.363790724822243,56538.0
Kendujhar,PATANA,21-375-03453,27077.254,8.162117139287473,3.0,5.387498580244577,16.117063567182825,26413.0
Kendujhar,SAHARAPADA,21-375-03454,16554.665,7.69665967753597,2.0,22.977369676812955,19.571975995951124,13831.0
Kendujhar,TELKOI,21-375-03455,13187.27,6.9174102510894375,3.0,11.797053330566508,8.50798920937954,19276.0
Mayurbhanj,BADASAHI,21-376-03487,13747.34,8.995144603097774,2.0,8.594506292352373,11.749757986447241,33056.0
Mayurbhanj,BAHALDA,21-376-03488,7276.85,8.888702728578266,3.0,28.687683785816862,23.100594953155987,14623.0
Mayurbhanj,BANGRIPOSI,21-376-03489,8795.28,8.777003795490065,2.0,5.059164992185756,13.212770707747264,22395.0
Mayurbhanj,BARIPADA,21-376-03490,25107.46,9.576004087086378,2.0,14.076868663051167,9.264717440855144,50892.0
Mayurbhanj,BETNOTI,21-376-03491,12149.74,9.364527849306853,3.0,13.83117570284666,27.986877844015662,28349.0
Mayurbhanj,BIJATALA,21-376-03492,5124.62,9.72212450821569,3.0,5.970840083314048,4.966442953020135,21605.0
Mayurbhanj,BISOI,21-376-03493,4776.1,10.459770114942529,3.0,11.72820669311362,10.680500457735734,9831.0
Mayurbhanj,GOPABANDHUNAGAR,21-376-03494,1976.08,11.084155931069098,3.0,2.936255646645474,3.413083486699013,11954.0
Mayurbhanj,JAMDA,21-376-03495,9956.34,9.829236383667286,2.0,17.38621496935895,6.988914136197756,14523.0
Mayurbhanj,JOSHIPUR,21-376-03496,18833.41,10.062658712563989,2.0,21.11733645048168,18.944737796767303,24809.0
Mayurbhanj,KAPTIPADA,21-376-03497,9819.948,8.804969076562166,3.0,10.104499893367455,15.11196417146513,23445.0
Mayurbhanj,KARANJIA,21-376-03498,17567.73,8.894604417116714,2.0,10.783014304802952,7.787880332437168,21869.0
Mayurbhanj,KHUNTA,21-376-03499,10824.0,10.924942811515386,2.0,13.97125469377185,6.504380853726963,23169.0
Mayurbhanj,KULIANA,21-376-03500,5614.741,9.053463381577037,2.0,2.783290575536086,16.31250302531584,20659.0
Mayurbhanj,KUSUMI,21-376-03501,10624.03,11.820926600728788,2.0,8.37158676825517,10.444370829586862,21131.0
Mayurbhanj,MORADA,21-376-03502,6600.97,8.703354343897386,2.0,23.06607308150042,20.21862740776656,22687.0
Mayurbhanj,RAIRANGPUR,21-376-03503,7251.83,9.286530140060712,3.0,11.702058506956435,11.149420566336213,21175.0
Mayurbhanj,RARUAN,21-376-03504,1315.46,9.69321922317314,2.0,2.0737327188940093,12.475312705727452,3038.0
Mayurbhanj,RASGOVINDPUR,21-376-03505,2892.96,9.072731720956241,3.0,5.438277645743045,7.507339577799525,14306.0
Mayurbhanj,SAMAKHUNTA,21-376-03506,2529.48,8.693397845034658,3.0,7.226683137739346,8.269851074051198,14571.0
Mayurbhanj,SARASKANA,21-376-03507,6414.75,9.955075879512531,2.0,6.627960450678317,13.968728443320304,17396.0
Mayurbhanj,SUKRULI,21-376-03508,7237.02,10.25332156461953,3.0,1.5655486388553377,19.25113815850599,21526.0
Mayurbhanj,SULIAPADA,21-376-03509,9795.77,7.237856721946292,3.0,8.36770771950501,10.804781547268288,23758.0
Mayurbhanj,THAKURMUNDA,21-376-03510,7095.57,8.46064477407185,3.0,7.635256794992712,14.464546000171483,23326.0
Mayurbhanj,TIRING,21-376-03511,6744.643,9.383198287723589,3.0,22.76410334811191,12.819140804158385,13082.0
Mayurbhanj,UDALA,21-376-03512,10809.02,9.16634043457451,2.0,7.988871861005849,13.885937632277232,16372.0
Baleshwar,BAHANAGA,21-377-03298,4438.39,11.429175784099197,2.0,26.528081692195478,10.13858497447119,13710.0
Baleshwar,BALESHWAR,21-377-03299,36006.9679,13.213350739398113,3.0,19.57045257400036,15.127907236532218,119965.0
Baleshwar,BALIAPAL,21-377-03300,14950.73,9.536069293034165,3.0,23.46042183384284,14.866086020264945,52011.0
Baleshwar,BASTA,21-377-03301,13477.24,9.727910238429173,3.0,13.576437587657784,12.65587147775086,39215.0
Baleshwar,BHOGRAI,21-377-03302,9071.0,6.84546004150259,3.0,0.31045244358752305,20.009476969330567,61201.0
Baleshwar,JALESWAR,21-377-03303,22645.995,9.698678143912073,3.0,16.066925209030398,18.49315977948585,66554.0
Baleshwar,KHAIRA,21-377-03304,12647.2,10.22884295728843,3.0,8.791645587916456,15.303172653031726,27674.0
Baleshwar,NILGIRI,21-377-03305,19850.33963,11.00129177313495,2.0,17.726867725141783,16.868086628831588,44912.0
Baleshwar,OUPADA,21-377-03306,10538.77,11.12971595500031,2.0,13.611784449002425,10.839704145689602,16089.0
Baleshwar,REMUNA,21-377-03307,22119.08149,10.28199142877164,2.0,17.139957935091054,12.116164193790546,39704.0
Baleshwar,SIMULIA,21-377-03308,17579.369,9.168019767031415,2.0,6.318390398870456,8.659842334392282,33996.0
Baleshwar,SORO,21-377-03309,14064.38,10.368571734698387,3.0,12.208052150974346,21.878338518242362,38303.0
Bhadrak,BASUDEVPUR,21-378-03322,13386.17,6.892744587231656,3.0,9.07929798827502,15.059687121010088,53800.0
Bhadrak,BHADRAK,21-378-03323,14863.43,10.046581206671572,3.0,9.310577309823044,15.286477431075571,51821.0
Bhadrak,BHANDARIPOKHARI,21-378-03324,7519.29,9.233143240523315,3.0,4.867494129486749,14.860784971486078,29810.0
Bhadrak,BONTH,21-378-03325,16277.414,9.946807658415445,2.0,7.685118427728377,9.522283639082486,37449.0
Bhadrak,CHANDABALI,21-378-03326,22363.95,9.12005618956355,3.0,17.93928042512414,24.773499433748583,45916.0
Bhadrak,DHAMANAGAR,21-378-03327,12484.58,9.203391925172308,3.0,8.809381127411973,11.385816999600257,51321.0
Bhadrak,TIHIDI,21-378-03328,10393.54,9.51117669102492,2.0,12.214727374929735,9.889451002435825,53370.0
Kendrapara,AUL,21-379-03434,8056.66,10.64410001712622,3.0,23.575954786778556,19.20191813666724,29195.0
Kendrapara,DERABISH,21-379-03435,10707.7673,10.562388545054024,2.0,13.03105003671457,14.119374803314802,38132.0
Kendrapara,GARADAPUR,21-379-03436,5358.38,10.964879570792588,3.0,8.728739393478179,8.610783455728473,26281.0
Kendrapara,KENDRAPADA,21-379-03437,9749.776389999999,10.60852431815825,3.0,16.702271077465518,7.323447060043555,48215.0
Kendrapara,MAHAKALAPADA,21-379-03438,13238.9,10.327481661481162,3.0,13.48079849204006,17.277950627938136,44033.0
Kendrapara,MARSAGHAI,21-379-03439,7871.38,11.383080946299337,2.0,22.696588213829592,19.199659429544486,32886.0
Kendrapara,PATTAMUNDAI,21-379-03440,9856.7821,11.136324593316917,3.0,29.630860624591822,12.073593724018037,43698.0
Kendrapara,RAJKANIKA,21-379-03441,19647.55,10.753393479035841,2.0,30.14780486467217,18.36729097540242,36467.0
Kendrapara,RAJNAGAR,21-379-03442,11031.37,10.375990201380715,2.0,16.508128400089078,11.071167244615532,31433.0
Jagatsinghapur,BALIKUDA,21-380-03386,16905.717,10.469338744508153,2.0,24.875269938193462,20.271427507632737,53716.0
Jagatsinghapur,BIRIDI,21-380-03387,4168.56,10.311121561250882,3.0,22.868563367035033,8.845520808840819,21265.0
Jagatsinghapur,ERASAMA,21-380-03388,22989.52507,9.303840180714387,3.0,19.107722716363124,28.47381053226034,35415.0
Jagatsinghapur,JAGATSINGHPUR,21-380-03389,14808.286,10.960654441680646,3.0,15.66687877210235,19.92055687318023,51861.0
Jagatsinghapur,KUJANG,21-380-03390,7176.15,10.026220362622036,3.0,18.372849837284985,9.702463970246397,21510.0
Jagatsinghapur,NAUGAON,21-380-03391,963.675,9.518252065014655,3.0,1.1723954169997335,8.646416200373034,7506.0
Jagatsinghapur,RAGHUNATHPUR,21-380-03392,6290.21,10.815475167554563,3.0,9.915793091596495,11.883485134902905,23276.0
Jagatsinghapur,TIRTOL,21-380-03393,11477.772,10.68382869589657,2.0,14.070404721753794,35.77150084317032,28464.0
Cuttack,ATHAGAD,21-381-03332,16629.68,10.803855251743455,3.0,13.326554550770124,9.285209333580575,43153.0
Cuttack,BADAMBA,21-381-03333,6797.22,10.862468662854567,2.0,12.148953550604208,18.60510971521929,35501.0
Cuttack,BANKI,21-381-03334,7410.7068,9.804369067560023,3.0,11.163456169737577,7.966917922948074,28656.0
Cuttack,BANKI- DAMPARA,21-381-03335,5312.22,9.984044721988814,2.0,6.125389333226705,11.700875012188938,26531.0
Cuttack,BARANGA,21-381-03336,2652.94,12.113387023045862,3.0,6.59852873347947,14.471236557848242,12655.0
Cuttack,CUTTACKSADAR,21-381-03337,14837.57105,16.71992562153494,3.0,18.508693303112562,7.1160059702211695,208025.0
Cuttack,KANTAPADA,21-381-03338,3724.31,7.0417833183667,3.0,10.448470762241826,5.403834979662987,37862.0
Cuttack,MAHANGA,21-381-03339,8008.92885,10.495828460038986,3.0,16.33008447043535,14.261208576998051,38475.0
Cuttack,NARASINGHPUR,21-381-03340,12524.55312,9.849902063035792,3.0,12.571544860217243,9.147566838798301,39311.0
Cuttack,NIALI,21-381-03341,11598.587,11.013769556296486,3.0,12.823800974608874,21.832521159271607,31192.0
Cuttack,NISCHINTA KOILI,21-381-03342,9395.201000000001,11.021782938297669,2.0,10.675558967469533,8.159005853564917,41684.0
Cuttack,SALEPUR,21-381-03343,12111.814,11.642185151509528,3.0,19.932827373772987,19.20914438403444,53891.0
Cuttack,TANGI CHOUDWAR,21-381-03344,7079.49,14.015738063841962,3.0,10.080578259896,15.02379568581594,31401.0
Cuttack,TIGIRIA,21-381-03345,4863.07,9.868286755771567,2.0,17.735115431348724,14.269744835965978,20575.0
Jajapur,BADCHANA,21-382-03394,12187.66,10.271158149270969,2.0,7.526707088205573,9.152591309369136,55416.0
Jajapur,BARI,21-382-03395,6700.61,10.389175114180684,3.0,4.976606884259775,17.33039991088337,35908.0
Jajapur,BINJHARPUR,21-382-03396,7552.13,10.30813679245283,3.0,7.348382749326146,17.35512129380054,29680.0
Jajapur,DAHRMASALA,21-382-03397,11860.44,10.307897535041082,2.0,13.681971967133881,29.521507974867085,51725.0
Jajapur,DANAGADI,21-382-03398,10623.535,8.950148767753888,2.0,9.299388087351934,16.844439454331106,35626.0
Jajapur,DASARATHAPUR,21-382-03399,10980.15,10.037699613819017,3.0,7.078593048742302,7.671433044567373,47905.0
Jajapur,JAJPUR,21-382-03400,8366.3,11.290352020062665,3.0,7.902726603359594,12.157121075107375,47326.0
Jajapur,KOREI,21-382-03401,15810.608,8.269485446268451,3.0,10.180714581321562,10.185312916724145,21747.0
Jajapur,RASULPUR,21-382-03402,6032.31799,9.109775029266554,2.0,9.76993943095638,12.347941161500483,39294.0
Jajapur,SUKINDA,21-382-03403,14071.28,9.95466512553779,3.0,15.31710867099039,27.902994499026093,46719.0
Dhenkanal,BHUBAN,21-383-03349,4932.35,12.247912806723477,3.0,23.06590211426516,10.488682403511543,20823.0
Dhenkanal,DHENKANAL SADAR,21-383-03350,18900.75,10.406619152136921,2.0,8.000197292165035,9.331919406150583,40549.0
Dhenkanal,GONDIA,21-383-03351,14173.09,10.018259139719465,3.0,7.080364573818079,9.709112315530925,49263.0
Dhenkanal,HINDOL,21-383-03352,17358.22,8.889232237395197,2.0,1.058826202540274,13.687487219104314,44011.0
Dhenkanal,KAMAKHYANAGAR,21-383-03353,12145.125,8.62004883176358,3.0,19.79580355267905,17.77216085689251,43447.0
Dhenkanal,KANKADA HAD,21-383-03354,5936.59,7.556474600427568,3.0,13.402219281278631,13.081543316705691,19646.0
Dhenkanal,ODAPADA,21-383-03355,6085.14,11.005690095934467,2.0,4.400890623711482,2.146842958849886,72758.0
Dhenkanal,PARJANG,21-383-03356,3261.2000000000003,9.66507725952748,3.0,17.101064783278957,10.927472842648694,27893.0
Anugul,ANUGUL,21-384-03276,12985.0015,10.000471394407652,3.0,8.703550404709345,14.574135393671817,43488.0
Anugul,ATHMALLIK,21-384-03277,13972.46,10.01799541771366,3.0,12.217193842198464,12.333566437149667,22879.0
Anugul,BANARPAL,21-384-03278,9544.98,10.731610829521573,3.0,10.782544195821487,11.79873902831005,40445.0
Anugul,CHHENDIPADA,21-384-03279,42163.5899,9.539741971187935,3.0,6.213790360237276,15.62527022119226,57823.0
Anugul,KANIHA,21-384-03280,13048.67,10.441538461538462,2.0,17.645344129554655,13.14331983805668,30875.0
Anugul,KISHORENAGAR,21-384-03281,19984.9067,8.734791168069172,3.0,10.688643557477032,19.810082606346022,25906.0
Anugul,PALALAHADA,21-384-03282,18872.383,8.805416694073537,3.0,22.04499112017365,15.184503058606854,30406.0
Anugul,TALACHER,21-384-03283,3469.38,10.504343694855436,3.0,38.06162617076151,6.783629700013574,29468.0
Nayagarh,BHAPUR,21-385-03523,7690.275,11.810316277529392,3.0,0.7120384169564498,2.5914886570624276,24156.0
Nayagarh,DASAPALLA,21-385-03524,9223.324,8.398068036574575,3.0,5.5353455904040905,8.35217776029889,20342.0
Nayagarh,GANIA,21-385-03525,8838.89,10.71369651142808,3.0,10.809417425674514,3.7291630864409693,11638.0
Nayagarh,KHANDAPARA,21-385-03526,8240.17,10.697093278200844,3.0,19.02823163973848,9.905145738377541,28027.0
Nayagarh,NAYAGARH,21-385-03527,9775.97,11.215256613504412,2.0,12.271148465477063,8.498766467011688,42364.0
Nayagarh,NUAGAON,21-385-03528,14632.1449,10.175431193628356,2.0,3.9189830687272535,23.292367740914607,18959.0
Nayagarh,ODAGAON,21-385-03529,15698.654199999999,9.621579088199859,2.0,17.476316964965218,21.933738359695038,37152.0
Nayagarh,RANAPUR,21-385-03530,16499.96,11.17567738989243,3.0,9.836107164603208,18.776638928353968,39416.0
Khordha,BALIANTA,21-386-03456,8112.764999999999,11.048381438367086,3.0,20.98229947376814,11.803540105246372,31355.0
Khordha,BALIPATNA,21-386-03457,5406.68,7.705679924654061,3.0,17.15569079185684,5.056871694559153,27606.0
Khordha,BANAPUR,21-386-03458,3513.29,10.432225376072987,3.0,13.604038567332415,8.825677026724458,30574.0
Khordha,BEGUNIA,21-386-03459,7893.6185,11.228820301783264,3.0,13.275720164609053,11.215363511659808,36450.0
Khordha,BHUBANESWAR,21-386-03460,17629.355,18.235212780101556,3.0,18.258348643054102,7.150521502468113,279580.0
Khordha,BOLAGARH,21-386-03461,6616.9236,10.946785633441484,3.0,22.37606579642345,16.283105711914285,26506.0
Khordha,CHILIKA,21-386-03462,10588.79,10.836840751533703,2.0,24.662242421957465,18.5728543790649,17006.0
Khordha,JATNI,21-386-03463,11425.927,12.82438149965325,3.0,18.01938371739462,9.580162646748866,37470.0
Khordha,KHORDHA,21-386-03464,6282.5,10.927521317259629,3.0,14.927962364010584,12.249338429873566,34010.0
Khordha,TANGI,21-386-03465,12351.995,9.813857577384148,3.0,16.401860797996065,13.276078010377526,55890.0
Puri,ASTARANGA,21-387-03536,3667.298,9.678381256656017,3.0,4.00692225772098,8.819222577209798,15024.0
Puri,BRAHMAGIRI,21-387-03537,13597.7708,15.770392254121962,3.0,13.358388750453093,10.881998724752597,103057.0
Puri,DELANGA,21-387-03538,5894.24,10.39327485380117,3.0,11.65337586390218,7.437533227006911,18810.0
Puri,GOP,21-387-03539,14340.34,10.306236707920158,2.0,7.563994157890691,22.036026340738463,39027.0
Puri,KAKAT PUR,21-387-03540,4029.992,10.50363512152783,3.0,5.169738156903228,13.339274644316129,22292.0
Puri,KANAS,21-387-03541,6867.44,10.476005806719204,2.0,7.714641227706346,11.186229780174202,24110.0
Puri,KRUSHNAPRASAD,21-387-03542,8971.92,10.63879817112998,2.0,9.14435009797518,18.456074461136513,24496.0
Puri,NIMAPADA,21-387-03543,37469.568,11.014733242438956,2.0,16.05612982047101,14.678484839952706,62570.0
Puri,PIPILI,21-387-03544,7729.74,11.324580674931621,3.0,20.37786438651886,8.545998342752402,25576.0
Puri,SADAR,21-387-03545,11221.857,10.058503133170104,3.0,18.691123376353904,17.114163588828486,48194.0
Puri,SATYABADI,21-387-03546,13700.75,8.601248477466504,3.0,15.579323995127893,17.66138855054811,26272.0
Ganjam,ASKA,21-388-03364,14458.385,9.590066049117642,3.0,24.272539517003047,10.74576201869006,48903.0
Ganjam,BEGUNIAPADA,21-388-03365,6023.6476,11.343440448867092,2.0,30.18333074206115,9.06156178177764,24823.0
Ganjam,BELLAGUNTHA,21-388-03366,12341.28,11.930598963920906,2.0,11.393387584295814,22.114343072118054,29317.0
Ganjam,BHANJANAGAR,21-388-03367,8272.057,10.617112590774095,3.0,11.919464787840417,26.932230846827583,24996.0
Ganjam,BUGUDA,21-388-03368,8586.913,9.298692192290131,2.0,17.908159937381775,15.106646663622724,30662.0
Ganjam,CHATRAPUR,21-388-03369,15121.5833,12.440219618423894,3.0,30.583611295852158,14.758627485959055,47691.0
Ganjam,CHIKITI,21-388-03370,9209.325499999999,11.845126039604258,3.0,20.749337169070454,17.62074670937803,32298.0
Ganjam,DHARAKOTE,21-388-03371,14885.8069,10.304329514824797,2.0,18.405585504642108,17.1795447738844,53424.0
Ganjam,DIGAPAHANDI,21-388-03372,16799.173,10.553933945069758,2.0,8.312329329499278,15.30655184762032,43861.0
Ganjam,GANJAM,21-388-03373,9230.823,9.605119777105534,3.0,32.70301671113646,23.335765850698916,24309.0
Ganjam,HINJILICUT,21-388-03374,15050.9859,12.63879968913393,3.0,36.37797275305023,11.939233741941543,42100.0
Ganjam,JAGANNATHPRASAD,21-388-03375,20254.5158,9.030082931324191,3.0,11.461325817117459,25.085370480784867,36898.0
Ganjam,KABISURYANAGAR,21-388-03376,6675.973,11.964334686444678,3.0,23.159775304427843,11.199859995811304,33536.0
Ganjam,KHALLIKOTE,21-388-03377,12213.7953,11.129459096538424,2.0,34.73529131678099,17.112434283334377,48218.0
Ganjam,KUKUDAKHANDI,21-388-03378,5761.247,11.711861234167342,3.0,31.899294939789105,10.47607162912585,32054.0
Ganjam,PATRAPUR,21-388-03379,11938.74138,10.540863714484221,3.0,19.1538377152887,28.690532782389294,27347.0
Ganjam,POLOSARA,21-388-03380,9838.159,11.72404232901601,3.0,17.056031161582524,12.227268232514108,34689.0
Ganjam,PURUSHOTTAMPUR,21-388-03381,11193.139,12.05832419346991,3.0,39.01128323949917,16.314027380482816,37366.0
Ganjam,RANGEILUNDA,21-388-03382,11402.077,11.105842617126491,3.0,39.357245603829995,10.06675585946244,60353.0
Ganjam,SANAKHEMUNDI,21-388-03383,9560.155,10.349662704786379,2.0,19.39447478316736,14.491647928043689,24904.0
Ganjam,SHERAGADA,21-388-03384,6421.3287,10.762254327126039,2.0,18.879872414278342,8.39157558984943,21319.0
Ganjam,SURADA,21-388-03385,1702.99,9.999486219819643,3.0,16.12708400273737,21.887050098077253,9025.0
Gajapati,GOSANI,21-389-03357,25371.594,10.63651770764763,3.0,12.246281442233915,17.319391166195473,49272.0
Gajapati,GUMMA,21-389-03358,69.0,10.40863531225906,2.0,1.002313030069391,21.356977640709328,1297.0
Gajapati,KASINAGAR,21-389-03359,2046.352,14.826082874729527,3.0,13.884270972810754,7.38427625010183,5191.0
Gajapati,MOHANA,21-389-03360,8078.932,9.446486662329212,3.0,8.194173353574785,26.75486156292923,27666.0
Gajapati,NUAGADA,21-389-03361,648.438,10.859300476947535,3.0,55.246422893481714,7.591414944356121,2516.0
Gajapati,R.UDAYAGIRI,21-389-03362,3505.60198,5.781671858774662,3.0,3.0321910695742473,12.29491173416407,9630.0
Gajapati,RAYAGADA,21-389-03363,3334.645,8.929057750759878,3.0,17.592705167173253,21.641337386018236,8225.0
Kandhamal,BALIGUDA,21-390-03422,6502.04,10.811582860496967,3.0,7.813213330724581,13.74160307832779,15333.0
Kandhamal,CHAKAPAD,21-390-03423,1669.76,9.104368932038835,3.0,1.9265776699029127,10.254854368932039,6592.0
Kandhamal,DARINGIBADI,21-390-03424,8175.367,9.466636355763402,3.0,20.347276348835194,22.711526803498746,23094.0
Kandhamal,G.UDAYAGIRI,21-390-03425,2385.82,10.796684877369698,3.0,6.257496370451616,6.63560245513435,11688.0
Kandhamal,K.NUAGAN,21-390-03426,2844.2682,8.760464936669756,3.0,13.476984862527031,18.481618782823602,12948.0
Kandhamal,KHAJURIPADA,21-390-03427,5679.4887,8.936173753848715,3.0,8.446367645835068,11.983024049263543,12017.0
Kandhamal,KOTAGARH,21-390-03428,3165.228,7.3647331786542924,3.0,6.0247486465583915,14.980665119876257,12930.0
Kandhamal,PHIRINGIA,21-390-03429,5355.75,10.185183189655172,3.0,5.905172413793103,18.604525862068964,18560.0
Kandhamal,PHULBANI,21-390-03430,7783.805,10.01780436312456,3.0,14.982406755805771,11.857846586910627,14210.0
Kandhamal,RAIKIA,21-390-03431,2490.187,8.964294988314723,3.0,13.301739807842118,20.650480394702676,15404.0
Kandhamal,TIKABALI,21-390-03432,2987.768,9.914883209000855,3.0,6.126941421059068,14.381802617096735,8177.0
Kandhamal,TUMUDIBANDH,21-390-03433,1890.3799999999999,7.28652860956779,4.0,9.935781802438848,14.784616494696587,13859.0
Boudh,BOUDH,21-391-03329,14945.05,11.207798250511818,3.0,10.562069607295738,5.89676778956511,32238.0
Boudh,HARABHANGA,21-391-03330,8965.35,11.062897596151553,3.0,8.33366966157683,6.295926937502409,38841.0
Boudh,KANTAMAL,21-391-03331,10820.684,10.403689971751412,3.0,6.261770244821093,14.17725988700565,16992.0
Sonepur,BINIKA,21-392-03567,19681.146,11.220243507125026,3.0,3.825243672926873,17.767342528680455,26060.0
Sonepur,BIRMAHARAJPUR,21-392-03568,19052.726,10.22045689574128,2.0,15.86913603459622,12.108677258625553,21274.0
Sonepur,DUNGURIPALI,21-392-03569,16603.42,11.277751930771378,2.0,18.605192146645575,10.333116218479576,21494.0
Sonepur,SONEPUR,21-392-03570,16316.77,9.30176,3.0,10.972444444444445,8.945777777777778,28125.0
Sonepur,TARBHA,21-392-03571,18890.8988,11.049384067939737,2.0,15.955700573412592,33.6874012490795,21442.0
Sonepur,ULLUNDA,21-392-03572,22799.434,9.087116653903658,2.0,11.351784997994384,23.710024432046094,27423.0
Balangir,AGALPUR,21-393-03284,9870.99,10.856164728389468,2.0,15.269596737652922,7.430901676483915,19863.0
Balangir,BALANGIR,21-393-03285,26028.3,10.399884213831541,2.0,15.511421618651385,15.395635450192323,50956.0
Balangir,BANGOMUNDA,21-393-03286,6543.65,9.171054783319706,3.0,14.2886345053148,16.026165167620604,24460.0
Balangir,BELPARA,21-393-03287,11673.47,10.178015693576274,3.0,10.84585716185663,17.35935629737997,30076.0
Balangir,DEOGAON,21-393-03288,3760.105,9.749360925136944,3.0,3.8405356055995132,6.962872793670115,16430.0
Balangir,GUDVELLA,21-393-03289,9247.44,11.207150534713556,3.0,11.625927029321874,4.600989218817835,17448.0
Balangir,KHAPRAKHOL,21-393-03290,11195.8,9.313562061322497,3.0,4.405245659401552,16.99759881787957,21656.0
Balangir,LOISINGA,21-393-03291,22901.260000000002,10.698392787142296,2.0,18.4437475499804,37.39709917679341,25510.0
Balangir,MURIBAHAL,21-393-03292,4935.46,9.440619426436033,3.0,5.146788211646802,7.499363021260935,35323.0
Balangir,PATNAGARH,21-393-03293,18826.92,11.007928586790744,3.0,10.910995886781677,13.100306827259137,50288.0
Balangir,PUINTALA,21-393-03294,10481.694,10.037966375523805,3.0,15.176452769223001,21.2298682284041,19807.0
Balangir,SAINTALA,21-393-03295,13328.95,10.1824843552414,2.0,10.359586265036802,10.22016147336338,30841.0
Balangir,TITLAGARH,21-393-03296,14618.62,10.794120569564623,3.0,9.226860762999936,7.740314972780358,49463.0
Balangir,TUREKELA,21-393-03297,12866.97,8.915403421237148,2.0,8.539943717650184,6.646155120205794,47126.0
Nuapada,BODEN,21-394-03531,17788.21,9.959061521365795,2.0,4.939892918476613,1.3991312253763006,19798.0
Nuapada,KHARIAR,21-394-03532,24062.46,10.605676009435978,2.0,16.521725979406558,7.649411233541008,48529.0
Nuapada,KOMNA,21-394-03533,27920.954999999998,8.497998477369286,3.0,7.333185981974017,7.998722954885926,40719.0
Nuapada,NUAPADA,21-394-03534,24290.12,9.620378931172,2.0,10.504122810273142,16.168969279381322,35600.0
Nuapada,SINAPALI,21-394-03535,11800.48,9.128576717617813,2.0,7.219548315438726,4.992859787380335,18907.0
Kalahandi,BHAWANIPATNA,21-395-03409,29515.245,7.859536931128904,3.0,5.583861911198919,10.240546254895845,57702.0
Kalahandi,DHARAMAGARH,21-395-03410,27526.8,10.742385976927851,2.0,7.81841919397299,13.731994948954476,46723.0
Kalahandi,GOLAMUNDA,21-395-03411,17081.77,9.69840750746481,3.0,6.799374377932604,14.178871036542017,35165.0
Kalahandi,JAYAPATNA,21-395-03412,15977.27,9.05136572651565,3.0,2.4241910533788222,6.3677396113665745,47191.0
Kalahandi,JUNAGARH,21-395-03413,39792.31,11.107092412015342,3.0,10.23269249966034,11.52870316557251,63217.0
Kalahandi,KALAMPUR,21-395-03414,7851.11,9.899745031380753,3.0,8.472803347280335,6.2761506276150625,15296.0
Kalahandi,KARLAMUNDA,21-395-03415,10594.75,10.72950114678899,2.0,7.8125,1.6341743119266054,13952.0
Kalahandi,KESINGA,21-395-03416,28471.81,11.1515037190204,2.0,8.029968273569976,7.995675577673021,52031.0
Kalahandi,KOKASARA,21-395-03417,10313.47,9.998871404617567,2.0,4.823939120340514,18.24455049658197,15506.0
Kalahandi,LANJIGARH,21-395-03418,3857.91,8.73672592076217,3.0,10.75868479144882,15.894039735099337,8607.0
Kalahandi,MADANPUR RAMPUR,21-395-03419,12980.53396,9.157123394316855,3.0,6.333203581159984,16.78474114441417,25690.0
Kalahandi,NARALA,21-395-03420,9711.71,9.47235175389755,3.0,7.318346325167038,3.3372772828507795,28736.0
Kalahandi,THUAMUL RAM PUR,21-395-03421,2691.02547,8.374090023582488,3.0,8.735773608120578,8.366656413411258,9753.0
Rayagada,BISSAMCUTTACK,21-396-03547,7536.6,9.376917931351645,3.0,5.501902253438689,16.873615117688868,23919.0
Rayagada,CHANDRAPUR,21-396-03548,7640.626,7.832342601470118,3.0,8.360498561840844,20.364333652924255,15645.0
Rayagada,GUDARI,21-396-03549,1685.98,9.618763580027455,3.0,6.633159823433045,6.404415353444159,8756.0
Rayagada,GUNUPUR,21-396-03550,16985.45266,10.865050134762292,3.0,11.792245699373593,8.60435209369758,34907.0
Rayagada,KALYANSINGPUR,21-396-03551,3127.23,9.803462356156988,2.0,2.1158843181588094,6.816724597577026,29633.0
Rayagada,KASIPUR,21-396-03552,15493.51,8.696497976519614,3.0,6.322875345594422,23.63665504668029,24957.0
Rayagada,KOLNARA,21-396-03553,4599.79,7.629585582288903,3.0,3.238496020492178,11.755557588509744,10931.0
Rayagada,MUNIGUDA,21-396-03554,6144.33,9.11197965718591,3.0,10.30325861744208,24.449048785081935,10618.0
Rayagada,PADMAPUR,21-396-03555,9709.01,9.643847169257846,3.0,7.656204165444412,6.226166031094163,13636.0
Rayagada,RAMANAGUDA,21-396-03556,6331.471,8.597773368606703,3.0,7.627865961199294,11.29482657260435,13608.0
Rayagada,RAYAGADA,21-396-03557,19278.867,8.683630607190997,3.0,7.311683019341086,14.48700667690668,63802.0
Nabarangpur,CHANDAHANDI,21-397-03513,12739.82,10.554694002716081,2.0,10.084548998992421,29.600911201647172,22827.0
Nabarangpur,DABUGAM,21-397-03514,344.2,11.875,2.0,14.204545454545455,0.7102272727272727,1408.0
Nabarangpur,JHARIGAM,21-397-03515,13808.53,10.752048948143672,2.0,7.115609774521283,9.4006118517959,26477.0
Nabarangpur,KOSAGUMUDA,21-397-03516,24287.74,9.328888438772983,3.0,8.693988702090788,13.969347106880022,44433.0
Nabarangpur,NABARANGPUR,21-397-03517,16542.72,12.217103474897979,2.0,15.885122306980549,9.597253199908685,32688.0
Nabarangpur,NANDAHANDI,21-397-03518,6518.1,10.573385872315813,3.0,11.35131226953944,6.123924517388475,13831.0
Nabarangpur,PAPADAHANDI,21-397-03519,15113.0,9.462214170029371,2.0,14.872766202750556,7.590106783057454,36429.0
Nabarangpur,RAIGHAR,21-397-03520,20646.88,10.172385699223618,3.0,11.335825425732452,19.438320713121826,31299.0
Nabarangpur,TENTULIKHUNTI,21-397-03521,8591.1,11.558229166666667,3.0,22.13888888888889,18.84027777777778,14400.0
Nabarangpur,UMERKOTE,21-397-03522,27055.63,11.53640199695758,2.0,14.178689902709968,19.227980760784305,50858.0
Koraput,BANDHUGAON,21-398-03466,7793.9710000000005,8.87994282991901,3.0,11.978493160008167,14.326550057850676,14693.0
Koraput,BOIPARIGUDA,21-398-03467,4399.59,8.047801748537644,3.0,3.138562173721618,10.415749418202402,15899.0
Koraput,BORIGUMMA,21-398-03468,20217.702,10.096837944664031,3.0,10.375494071146244,13.314302444737228,27324.0
Koraput,DASAMANTAPUR,21-398-03469,12998.5,9.964665238116062,4.0,24.62500546639262,30.71675340009621,22867.0
Koraput,JEYPORE,21-398-03470,28006.3784,9.71406990317929,3.0,16.129918286067433,14.513950880084233,43689.0
Koraput,KORAPUT,21-398-03471,8241.96,12.55752411792894,3.0,13.927084379947967,6.977627822320556,37375.0
Koraput,KOTPAD,21-398-03472,25290.59,10.580945141763964,3.0,13.735964644677418,24.147904470628237,38228.0
Koraput,KUNDURA,21-398-03473,13029.952,7.7124685697382045,3.0,7.306611448010649,21.41695015530247,13522.0
Koraput,LAMTAPUT,21-398-03474,10224.11,9.577652094160808,3.0,10.687863038826046,6.872516050137572,16355.0
Koraput,LAXMIPUR,21-398-03475,4127.53,10.814622834538262,3.0,11.199017869322057,10.98076660755695,7331.0
Koraput,NANDAPUR,21-398-03476,7424.82,8.720933754489204,3.0,4.867811864480117,8.134654493531219,23111.0
Koraput,NARAYAN PATANA,21-398-03477,2250.62,10.752261195676153,3.0,29.075667328480034,24.200308846238695,4533.0
Koraput,POTTANGI,21-398-03478,7618.21,8.581510681586979,3.0,8.921668362156664,8.331637843336724,19660.0
Koraput,SEMILIGUDA,21-398-03479,17033.02,9.4085777722184,3.0,9.659766089186316,9.565951591719307,31978.0
Malkangiri,KALIMELA,21-399-03480,16768.067,10.5779210025118,2.0,16.591680697783545,14.2786165778796,36229.0
Malkangiri,KHAIRAPUT,21-399-03481,1959.49,7.7671096853040025,3.0,5.025970058050718,15.230675221509319,6546.0
Malkangiri,KORUKONDA,21-399-03482,13394.72,8.53808299999815,3.0,4.890092928817041,30.361154081161846,21907.0
Malkangiri,CHITRAKONDA,21-399-03483,5465.93,8.858823529411765,3.0,5.624731644482611,20.094461142121084,11645.0
Malkangiri,MALKANGIRI,21-399-03484,26368.884,10.620730353474775,3.0,13.243846598436951,14.6166647008652,31623.0
Malkangiri,MATHILI,21-399-03485,14916.636,8.956868611318873,3.0,6.486329261198371,14.086262777362254,24066.0
Malkangiri,PODIA,21-399-03486,10092.989,9.951762523191094,3.0,25.90776570368407,7.553670818976942,7546.0
