object_id,year,sum_aged_population
21-370-03310,2021,7363.7799999999115
21-370-03311,2021,5620.390000000014
21-370-03312,2021,14133.079999999958
21-370-03313,2021,15819.684999999823
21-370-03314,2021,5444.76999999996
21-370-03315,2021,10026.945000000065
21-370-03316,2021,5106.25
21-370-03317,2021,9821.449999999953
21-370-03318,2021,5148.070000000007
21-370-03319,2021,11291.054999999935
21-370-03320,2021,9897.915000000037
21-370-03321,2021,10842.044999999925
21-371-03404,2021,21855.04000000027
21-371-03405,2021,1387.5449999999983
21-371-03406,2021,3264.444999999978
21-371-03407,2021,2992.755000000063
21-371-03408,2021,9802.91499999992
21-372-03558,2021,8061.9400000000605
21-372-03559,2021,23575.764999999898
21-372-03560,2021,7808.460000000079
21-372-03561,2021,10619.994999999995
21-372-03562,2021,6772.265000000014
21-372-03563,2021,17151.070000000065
21-372-03564,2021,6372.5
21-372-03565,2021,5451.054999999993
21-372-03566,2021,7951.804999999935
21-373-03346,2021,7329.910000000033
21-373-03347,2021,8751.715000000084
21-373-03348,2021,6435.450000000012
21-374-03573,2021,5026.789999999979
21-374-03574,2021,3819.2399999999907
21-374-03575,2021,32188.200000000186
21-374-03576,2021,3733.375
21-374-03577,2021,3542.884999999951
21-374-03578,2021,4492.789999999979
21-374-03579,2021,3929.0200000000186
21-374-03580,2021,4115.600000000035
21-374-03581,2021,5864.260000000009
21-374-03582,2021,5450.47000000003
21-374-03583,2021,10804.609999999986
21-374-03584,2021,3190.625
21-374-03585,2021,7758.789999999921
21-374-03586,2021,11556.755000000005
21-374-03587,2021,4280.75
21-374-03588,2021,7266.589999999967
21-374-03589,2021,5870.634999999951
21-375-03443,2021,9451.68499999994
21-375-03444,2021,7161.064999999944
21-375-03445,2021,9492.270000000019
21-375-03446,2021,9635.369999999995
21-375-03447,2021,8690.155000000028
21-375-03448,2021,7388.0
21-375-03449,2021,8835.650000000023
21-375-03450,2021,9853.344999999972
21-375-03451,2021,15590.715000000084
21-375-03452,2021,11773.88500000001
21-375-03453,2021,7041.350000000093
21-375-03454,2021,2230.1749999999884
21-375-03455,2021,4958.179999999993
21-376-03487,2021,11610.050000000047
21-376-03488,2021,2428.289999999979
21-376-03489,2021,10259.94000000006
21-376-03490,2021,3490.7449999999953
21-376-03491,2021,11899.125
21-376-03492,2021,3174.2999999999884
21-376-03493,2021,4208.304999999993
21-376-03494,2021,2316.7149999999965
21-376-03495,2021,3147.404999999999
21-376-03496,2021,6717.635000000009
21-376-03497,2021,5686.460000000021
21-376-03498,2021,8216.94000000006
21-376-03499,2021,3250.9899999999907
21-376-03500,2021,8020.050000000047
21-376-03501,2021,7119.9700000000885
21-376-03502,2021,5768.050000000047
21-376-03503,2021,5739.390000000014
21-376-03504,2021,3640.4949999999953
21-376-03505,2021,7900.939999999944
21-376-03506,2021,6085.239999999991
21-376-03507,2021,4933.694999999949
21-376-03508,2021,3553.3300000000163
21-376-03509,2021,3413.514999999985
21-376-03510,2021,6580.75
21-376-03511,2021,2092.5449999999837
21-376-03512,2021,6152.899999999965
21-377-03298,2021,6425.255000000005
21-377-03299,2021,21462.75
21-377-03300,2021,17028.580000000075
21-377-03301,2021,5653.260000000009
21-377-03302,2021,12874.875
21-377-03303,2021,7656.055000000051
21-377-03304,2021,7747.609999999986
21-377-03305,2021,9842.704999999958
21-377-03306,2021,11409.550000000047
21-377-03307,2021,27246.70499999984
21-377-03308,2021,7613.280000000028
21-377-03309,2021,9673.035000000033
21-378-03322,2021,17962.485000000102
21-378-03323,2021,19217.98999999999
21-378-03324,2021,6439.415000000037
21-378-03325,2021,8488.29999999993
21-378-03326,2021,18371.665000000037
21-378-03327,2021,12752.984999999986
21-378-03328,2021,13023.410000000033
21-379-03434,2021,20357.57999999984
21-379-03435,2021,14172.464999999967
21-379-03436,2021,13271.689999999944
21-379-03437,2021,29773.60499999998
21-379-03438,2021,34340.58999999985
21-379-03439,2021,11079.464999999967
21-379-03440,2021,22345.290000000037
21-379-03441,2021,18433.110000000102
21-379-03442,2021,14282.09999999986
21-380-03386,2021,15206.009999999893
21-380-03387,2021,3305.079999999987
21-380-03388,2021,14596.890000000014
21-380-03389,2021,17205.584999999963
21-380-03390,2021,29192.955000000075
21-380-03391,2021,3109.0200000000186
21-380-03392,2021,6584.314999999944
21-380-03393,2021,15189.224999999977
21-381-03332,2021,14073.819999999949
21-381-03333,2021,9897.064999999944
21-381-03334,2021,3434.2399999999907
21-381-03335,2021,10117.050000000047
21-381-03336,2021,2004.5100000000093
21-381-03337,2021,52015.28500000015
21-381-03338,2021,2471.179999999993
21-381-03339,2021,14074.854999999981
21-381-03340,2021,14144.439999999944
21-381-03341,2021,12218.109999999986
21-381-03342,2021,5860.735000000044
21-381-03343,2021,15339.255000000005
21-381-03344,2021,20196.425000000047
21-381-03345,2021,4184.140000000014
21-382-03394,2021,21460.200000000186
21-382-03395,2021,13009.16499999992
21-382-03396,2021,15612.48499999987
21-382-03397,2021,10806.925000000047
21-382-03398,2021,21857.575000000186
21-382-03399,2021,14665.215000000084
21-382-03400,2021,10967.25
21-382-03401,2021,10578.404999999912
21-382-03402,2021,7864.72000000003
21-382-03403,2021,14920.800000000047
21-383-03349,2021,10477.294999999925
21-383-03350,2021,16559.41000000015
21-383-03351,2021,14099.319999999949
21-383-03352,2021,13742.420000000042
21-383-03353,2021,9399.655000000028
21-383-03354,2021,10924.214999999851
21-383-03355,2021,8001.590000000084
21-383-03356,2021,5453.910000000033
21-384-03276,2021,10006.68499999994
21-384-03277,2021,7791.72499999986
21-384-03278,2021,10448.029999999912
21-384-03279,2021,17080.58499999973
21-384-03280,2021,7159.899999999965
21-384-03281,2021,4340.150000000023
21-384-03282,2021,10442.104999999981
21-384-03283,2021,11771.525000000023
21-385-03523,2021,11336.625
21-385-03524,2021,8299.51000000001
21-385-03525,2021,1409.5149999999994
21-385-03526,2021,7757.034999999974
21-385-03527,2021,16349.939999999944
21-385-03528,2021,7758.789999999921
21-385-03529,2021,14142.630000000005
21-385-03530,2021,16328.005000000121
21-386-03456,2021,3551.280000000028
21-386-03457,2021,7916.444999999949
21-386-03458,2021,7697.645000000019
21-386-03459,2021,13779.605000000214
21-386-03460,2021,87757.73999999929
21-386-03461,2021,7187.07500000007
21-386-03462,2021,2271.179999999993
21-386-03463,2021,14645.469999999972
21-386-03464,2021,15282.544999999925
21-386-03465,2021,18313.965000000084
21-387-03536,2021,7566.590000000084
21-387-03537,2021,39779.19499999983
21-387-03538,2021,5215.149999999965
21-387-03539,2021,7693.785000000033
21-387-03540,2021,8889.810000000056
21-387-03541,2021,15299.785000000149
21-387-03542,2021,5999.65499999997
21-387-03543,2021,11341.814999999944
21-387-03544,2021,13826.025000000023
21-387-03545,2021,11873.824999999953
21-387-03546,2021,6122.164999999979
21-388-03364,2021,8037.054999999935
21-388-03365,2021,5174.59500000003
21-388-03366,2021,4320.049999999959
21-388-03367,2021,10083.640000000014
21-388-03368,2021,11930.130000000121
21-388-03369,2021,15758.939999999944
21-388-03370,2021,17167.64500000002
21-388-03371,2021,16324.22499999986
21-388-03372,2021,14776.709999999963
21-388-03373,2021,4805.929999999993
21-388-03374,2021,9742.909999999916
21-388-03375,2021,8066.365000000107
21-388-03376,2021,10294.415000000037
21-388-03377,2021,14452.154999999795
21-388-03378,2021,28174.62999999989
21-388-03379,2021,9297.035000000033
21-388-03380,2021,14240.845000000088
21-388-03381,2021,10857.250000000116
21-388-03382,2021,43690.93000000017
21-388-03383,2021,8949.929999999935
21-388-03384,2021,3455.6600000000035
21-388-03385,2021,12368.130000000005
21-389-03357,2021,4094.1600000000326
21-389-03358,2021,4171.244999999995
21-389-03359,2021,1056.0250000000087
21-389-03360,2021,9520.765000000014
21-389-03361,2021,2578.7999999999884
21-389-03362,2021,4807.490000000049
21-389-03363,2021,12996.770000000019
21-390-03422,2021,4850.944999999949
21-390-03423,2021,3696.2549999999464
21-390-03424,2021,6991.5599999999395
21-390-03425,2021,604.3099999999977
21-390-03426,2021,3647.25
21-390-03427,2021,6322.350000000035
21-390-03428,2021,2582.345000000001
21-390-03429,2021,4335.765000000014
21-390-03430,2021,5197.784999999974
21-390-03431,2021,2516.609999999986
21-390-03432,2021,1973.7799999999988
21-390-03433,2021,3121.1450000000186
21-391-03329,2021,12309.985000000102
21-391-03330,2021,13869.594999999972
21-391-03331,2021,15561.550000000047
21-392-03567,2021,9874.23999999999
21-392-03568,2021,7680.964999999967
21-392-03569,2021,8633.58500000008
21-392-03570,2021,6803.104999999981
21-392-03571,2021,3811.874999999971
21-392-03572,2021,7340.334999999963
21-393-03284,2021,8967.800000000047
21-393-03285,2021,20738.11499999999
21-393-03286,2021,12496.395000000019
21-393-03287,2021,11810.810000000056
21-393-03288,2021,10782.324999999953
21-393-03289,2021,1996.7200000000012
21-393-03290,2021,8839.69000000006
21-393-03291,2021,13988.090000000084
21-393-03292,2021,9952.284999999916
21-393-03293,2021,13653.879999999888
21-393-03294,2021,14820.09999999986
21-393-03295,2021,7906.75
21-393-03296,2021,22320.165000000037
21-393-03297,2021,8375.369999999995
21-394-03531,2021,5834.704999999958
21-394-03532,2021,9924.099999999977
21-394-03533,2021,12445.979999999981
21-394-03534,2021,13046.004999999772
21-394-03535,2021,8428.669999999925
21-395-03409,2021,18398.649999999907
21-395-03410,2021,7560.539999999921
21-395-03411,2021,11369.125
21-395-03412,2021,13277.969999999972
21-395-03413,2021,12678.814999999944
21-395-03414,2021,2692.459999999992
21-395-03415,2021,1834.1699999999983
21-395-03416,2021,8691.61499999999
21-395-03417,2021,9739.729999999981
21-395-03418,2021,9755.734999999986
21-395-03419,2021,8989.265000000014
21-395-03420,2021,7135.640000000014
21-395-03421,2021,7936.224999999977
21-396-03547,2021,3641.6199999999953
21-396-03548,2021,3253.390000000014
21-396-03549,2021,2970.9950000000536
21-396-03550,2021,6147.614999999991
21-396-03551,2021,4107.044999999984
21-396-03552,2021,8289.074999999953
21-396-03553,2021,8491.985000000102
21-396-03554,2021,4185.785000000033
21-396-03555,2021,4846.840000000026
21-396-03556,2021,2042.4399999999732
21-396-03557,2021,12996.770000000019
21-397-03513,2021,3689.0400000000373
21-397-03514,2021,3463.6450000000186
21-397-03515,2021,9642.794999999925
21-397-03516,2021,9307.515000000014
21-397-03517,2021,7293.8150000000605
21-397-03518,2021,2521.5650000000314
21-397-03519,2021,3610.0449999999837
21-397-03520,2021,9164.984999999986
21-397-03521,2021,9021.07500000007
21-397-03522,2021,10292.54999999993
21-398-03466,2021,3512.5950000000303
21-398-03467,2021,6750.925000000047
21-398-03468,2021,6844.675000000047
21-398-03469,2021,5231.784999999974
21-398-03470,2021,11141.064999999944
21-398-03471,2021,5790.710000000021
21-398-03472,2021,8522.984999999986
21-398-03473,2021,3134.975000000006
21-398-03474,2021,5299.609999999986
21-398-03475,2021,3608.679999999935
21-398-03476,2021,4643.445000000065
21-398-03477,2021,2146.725000000006
21-398-03478,2021,5103.130000000005
21-398-03479,2021,6581.5800000000745
21-399-03480,2021,6500.45000000007
21-399-03481,2021,1347.324999999997
21-399-03482,2021,7017.405000000028
21-399-03483,2021,5058.464999999967
21-399-03484,2021,5776.969999999972
21-399-03485,2021,6975.285000000033
21-399-03486,2021,4269.109999999986
21-370-03310,2022,7635.988999999943
21-370-03311,2022,5794.325000000012
21-370-03312,2022,14602.45299999998
21-370-03313,2022,16377.350999999791
21-370-03314,2022,5631.932999999961
21-370-03315,2022,10376.923000000068
21-370-03316,2022,5281.251999999979
21-370-03317,2022,10181.657000000007
21-370-03318,2022,5323.023999999976
21-370-03319,2022,11678.25
21-370-03320,2022,10248.576000000001
21-370-03321,2022,11225.428999999887
21-371-03404,2022,22651.883000000147
21-371-03405,2022,1435.1759999999922
21-371-03406,2022,3375.8099999999977
21-371-03407,2022,3126.2450000000536
21-371-03408,2022,10195.279999999912
21-372-03558,2022,8371.573000000091
21-372-03559,2022,24515.331000000006
21-372-03560,2022,8126.576000000117
21-372-03561,2022,10994.841000000015
21-372-03562,2022,7004.709000000032
21-372-03563,2022,17722.95200000005
21-372-03564,2022,6617.616999999969
21-372-03565,2022,5649.173999999999
21-372-03566,2022,8237.751999999979
21-373-03346,2022,7614.844999999972
21-373-03347,2022,9079.684000000008
21-373-03348,2022,6677.057999999961
21-374-03573,2022,5244.7179999999935
21-374-03574,2022,3971.484999999986
21-374-03575,2022,33452.56300000008
21-374-03576,2022,3884.6660000000265
21-374-03577,2022,3689.2399999999907
21-374-03578,2022,4673.834000000032
21-374-03579,2022,4080.1440000000293
21-374-03580,2022,4285.97900000005
21-374-03581,2022,6104.136999999988
21-374-03582,2022,5692.281000000017
21-374-03583,2022,11193.31500000006
21-374-03584,2022,3297.0230000000156
21-374-03585,2022,8098.736999999965
21-374-03586,2022,11981.603999999934
21-374-03587,2022,4431.466000000015
21-374-03588,2022,7543.535999999964
21-374-03589,2022,6084.700999999943
21-375-03443,2022,9909.482999999891
21-375-03444,2022,7433.52899999998
21-375-03445,2022,9907.75800000003
21-375-03446,2022,9968.054999999935
21-375-03447,2022,9072.288000000059
21-375-03448,2022,7682.371000000043
21-375-03449,2022,9144.071999999927
21-375-03450,2022,10257.976999999955
21-375-03451,2022,16209.056000000099
21-375-03452,2022,12264.082999999984
21-375-03453,2022,7349.140000000014
21-375-03454,2022,2305.5869999999995
21-375-03455,2022,5131.305999999982
21-376-03487,2022,12055.974999999977
21-376-03488,2022,2532.405999999988
21-376-03489,2022,10730.42200000002
21-376-03490,2022,3641.0389999999898
21-376-03491,2022,12348.701000000001
21-376-03492,2022,3262.725999999995
21-376-03493,2022,4383.634999999951
21-376-03494,2022,2407.6789999999746
21-376-03495,2022,3267.4860000000044
21-376-03496,2022,6955.907999999996
21-376-03497,2022,5900.293999999994
21-376-03498,2022,8554.86400000006
21-376-03499,2022,3363.133999999991
21-376-03500,2022,8311.97900000005
21-376-03501,2022,7409.063000000082
21-376-03502,2022,5989.5410000000265
21-376-03503,2022,5948.630000000005
21-376-03504,2022,3798.454999999958
21-376-03505,2022,8230.375999999931
21-376-03506,2022,6327.014999999956
21-376-03507,2022,5130.206999999995
21-376-03508,2022,3690.0999999999767
21-376-03509,2022,3538.4719999999797
21-376-03510,2022,6794.181999999972
21-376-03511,2022,2174.0559999999823
21-376-03512,2022,6401.941999999981
21-377-03298,2022,6657.380000000005
21-377-03299,2022,22385.756000000052
21-377-03300,2022,17656.39500000002
21-377-03301,2022,5860.8060000000405
21-377-03302,2022,13455.780000000028
21-377-03303,2022,7956.03600000008
21-377-03304,2022,8017.548999999999
21-377-03305,2022,10199.958999999915
21-377-03306,2022,11925.962999999989
21-377-03307,2022,28250.04799999972
21-377-03308,2022,7906.819000000018
21-377-03309,2022,10038.209000000032
21-378-03322,2022,18613.606000000145
21-378-03323,2022,19787.95299999998
21-378-03324,2022,6703.09600000002
21-378-03325,2022,8854.177999999956
21-378-03326,2022,19021.08200000017
21-378-03327,2022,13203.228000000003
21-378-03328,2022,13480.283999999985
21-379-03434,2022,21003.748999999836
21-379-03435,2022,14631.381999999983
21-379-03436,2022,13710.41399999999
21-379-03437,2022,30834.564999999944
21-379-03438,2022,35514.290999999736
21-379-03439,2022,11427.379000000074
21-379-03440,2022,23111.907000000123
21-379-03441,2022,18990.493000000017
21-379-03442,2022,14846.020000000019
21-380-03386,2022,15649.41399999999
21-380-03387,2022,3405.7029999999795
21-380-03388,2022,15029.43299999996
21-380-03389,2022,17710.956000000006
21-380-03390,2022,30094.635000000242
21-380-03391,2022,3184.314000000013
21-380-03392,2022,6784.350999999966
21-380-03393,2022,15641.994000000064
21-381-03332,2022,14538.219000000041
21-381-03333,2022,10221.459999999963
21-381-03334,2022,3574.292999999947
21-381-03335,2022,10492.860000000102
21-381-03336,2022,2052.5320000000065
21-381-03337,2022,53875.46299999999
21-381-03338,2022,2542.811000000016
21-381-03339,2022,14599.729999999981
21-381-03340,2022,14642.433999999892
21-381-03341,2022,12666.01000000001
21-381-03342,2022,6057.722999999998
21-381-03343,2022,15830.978999999934
21-381-03344,2022,20876.658000000054
21-381-03345,2022,4338.997999999963
21-382-03394,2022,22226.405000000028
21-382-03395,2022,13486.319999999949
21-382-03396,2022,16191.943999999901
21-382-03397,2022,11211.92100000009
21-382-03398,2022,22620.43600000022
21-382-03399,2022,15200.287999999942
21-382-03400,2022,11325.084000000032
21-382-03401,2022,10964.610999999917
21-382-03402,2022,8120.023000000045
21-382-03403,2022,15441.523999999976
21-383-03349,2022,10870.570999999996
21-383-03350,2022,17130.340000000084
21-383-03351,2022,14599.443999999901
21-383-03352,2022,14199.999000000069
21-383-03353,2022,9761.197000000044
21-383-03354,2022,11460.728999999817
21-383-03355,2022,8378.190999999992
21-383-03356,2022,5626.193000000028
21-384-03276,2022,10323.956000000006
21-384-03277,2022,8074.0599999999395
21-384-03278,2022,10790.96399999992
21-384-03279,2022,17803.241999999853
21-384-03280,2022,7392.7949999999255
21-384-03281,2022,4484.579000000027
21-384-03282,2022,10819.809000000008
21-384-03283,2022,12205.469999999972
21-385-03523,2022,11725.256000000052
21-385-03524,2022,8594.314000000013
21-385-03525,2022,1455.5270000000019
21-385-03526,2022,8015.307999999961
21-385-03527,2022,16891.88199999975
21-385-03528,2022,8098.736999999965
21-385-03529,2022,14557.878999999957
21-385-03530,2022,16963.559000000125
21-386-03456,2022,3691.005000000063
21-386-03457,2022,8225.285000000033
21-386-03458,2022,8025.85400000005
21-386-03459,2022,14332.190000000177
21-386-03460,2022,91366.66199999955
21-386-03461,2022,7465.479999999981
21-386-03462,2022,2366.0409999999974
21-386-03463,2022,15298.95299999998
21-386-03464,2022,15856.8609999998
21-386-03465,2022,19084.558999999892
21-387-03536,2022,7837.072000000044
21-387-03537,2022,41187.67599999998
21-387-03538,2022,5390.470999999961
21-387-03539,2022,8016.201000000001
21-387-03540,2022,9215.243000000017
21-387-03541,2022,15854.367000000086
21-387-03542,2022,6227.571999999986
21-387-03543,2022,11778.761999999988
21-387-03544,2022,14288.53600000008
21-387-03545,2022,12283.570999999996
21-387-03546,2022,6332.605999999971
21-388-03364,2022,8314.574999999953
21-388-03365,2022,5382.67300000001
21-388-03366,2022,4428.100999999966
21-388-03367,2022,10482.949999999953
21-388-03368,2022,12379.737000000081
21-388-03369,2022,16335.939000000013
21-388-03370,2022,17743.959999999963
21-388-03371,2022,16914.392999999924
21-388-03372,2022,15340.216999999946
21-388-03373,2022,4953.326000000001
21-388-03374,2022,10095.755000000005
21-388-03375,2022,8360.964000000036
21-388-03376,2022,10695.207000000053
21-388-03377,2022,14979.841999999946
21-388-03378,2022,29152.39500000002
21-388-03379,2022,9621.630999999936
21-388-03380,2022,14723.219000000041
21-388-03381,2022,11252.726000000024
21-388-03382,2022,45223.53500000015
21-388-03383,2022,9263.334999999963
21-388-03384,2022,3577.738000000012
21-388-03385,2022,12819.293999999994
21-389-03357,2022,4248.872000000032
21-389-03358,2022,4327.642999999982
21-389-03359,2022,1099.797000000006
21-389-03360,2022,9884.424000000115
21-389-03361,2022,2682.244000000006
21-389-03362,2022,4996.924000000057
21-389-03363,2022,13585.777000000002
21-390-03422,2022,5046.2579999999725
21-390-03423,2022,3841.0169999999925
21-390-03424,2022,7274.258999999962
21-390-03425,2022,620.7589999999982
21-390-03426,2022,3791.328999999969
21-390-03427,2022,6581.157999999996
21-390-03428,2022,2686.4440000000177
21-390-03429,2022,4526.877999999968
21-390-03430,2022,5403.659999999974
21-390-03431,2022,2624.1169999999984
21-390-03432,2022,2042.6209999999846
21-390-03433,2022,3243.75
21-391-03329,2022,12845.558999999892
21-391-03330,2022,14420.482000000076
21-391-03331,2022,16191.295000000158
21-392-03567,2022,10220.01800000004
21-392-03568,2022,7967.792999999947
21-392-03569,2022,8943.185999999987
21-392-03570,2022,7061.9529999999795
21-392-03571,2022,3941.9100000000035
21-392-03572,2022,7633.402000000002
21-393-03284,2022,9327.246000000043
21-393-03285,2022,21770.706000000006
21-393-03286,2022,13016.420000000158
21-393-03287,2022,12324.357000000076
21-393-03288,2022,11285.262999999919
21-393-03289,2022,2097.453999999998
21-393-03290,2022,9239.101000000024
21-393-03291,2022,14603.74400000018
21-393-03292,2022,10385.689999999944
21-393-03293,2022,14266.704999999842
21-393-03294,2022,15480.753000000026
21-393-03295,2022,8250.455000000075
21-393-03296,2022,23277.027999999933
21-393-03297,2022,8747.951000000001
21-394-03531,2022,6075.996999999974
21-394-03532,2022,10296.798999999999
21-394-03533,2022,12954.504000000074
21-394-03534,2022,13570.67499999993
21-394-03535,2022,8760.072999999975
21-395-03409,2022,19178.242999999784
21-395-03410,2022,7907.548999999999
21-395-03411,2022,11872.501999999979
21-395-03412,2022,13825.676999999909
21-395-03413,2022,13180.258999999962
21-395-03414,2022,2804.624999999971
21-395-03415,2022,1887.3459999999905
21-395-03416,2022,9048.172999999952
21-395-03417,2022,10139.939000000013
21-395-03418,2022,10172.939000000013
21-395-03419,2022,9381.074000000022
21-395-03420,2022,7422.58600000001
21-395-03421,2022,8265.091999999946
21-396-03547,2022,3779.853999999992
21-396-03548,2022,3431.3360000000102
21-396-03549,2022,3125.3859999999986
21-396-03550,2022,6401.989999999991
21-396-03551,2022,4283.999999999942
21-396-03552,2022,8640.092999999993
21-396-03553,2022,8841.834000000032
21-396-03554,2022,4358.815000000002
21-396-03555,2022,5060.271999999997
21-396-03556,2022,2130.9439999999886
21-396-03557,2022,13585.777000000002
21-397-03513,2022,3845.9340000000084
21-397-03514,2022,3616.9000000000233
21-397-03515,2022,10051.853999999934
21-397-03516,2022,9724.515000000014
21-397-03517,2022,7621.698000000091
21-397-03518,2022,2625.310000000027
21-397-03519,2022,3763.3400000000256
21-397-03520,2022,9567.170999999973
21-397-03521,2022,9404.305000000051
21-397-03522,2022,10742.994999999995
21-398-03466,2022,3656.125000000058
21-398-03467,2022,7061.84600000002
21-398-03468,2022,7141.448000000091
21-398-03469,2022,5460.255999999994
21-398-03470,2022,11619.860999999917
21-398-03471,2022,6043.418999999994
21-398-03472,2022,8897.467999999993
21-398-03473,2022,3256.909000000014
21-398-03474,2022,5554.686999999976
21-398-03475,2022,3765.0389999999898
21-398-03476,2022,4835.587000000058
21-398-03477,2022,2232.8880000000063
21-398-03478,2022,5323.4220000000205
21-398-03479,2022,6846.558000000077
21-399-03480,2022,6764.566000000108
21-399-03481,2022,1401.550000000003
21-399-03482,2022,7347.97100000002
21-399-03483,2022,5309.383999999962
21-399-03484,2022,6042.047999999952
21-399-03485,2022,7302.531000000075
21-399-03486,2022,4503.064999999944
21-370-03310,2023,7908.197999999975
21-370-03311,2023,5968.260000000009
21-370-03312,2023,15071.826000000001
21-370-03313,2023,16935.016999999993
21-370-03314,2023,5819.095999999961
21-370-03315,2023,10726.90100000007
21-370-03316,2023,5456.254000000015
21-370-03317,2023,10541.863999999943
21-370-03318,2023,5497.978000000003
21-370-03319,2023,12065.444999999949
21-370-03320,2023,10599.236999999965
21-370-03321,2023,11608.812999999966
21-371-03404,2023,23448.726000000257
21-371-03405,2023,1482.8070000000007
21-371-03406,2023,3487.1749999999884
21-371-03407,2023,3259.7350000000442
21-371-03408,2023,10587.644999999902
21-372-03558,2023,8681.206000000122
21-372-03559,2023,25454.89699999988
21-372-03560,2023,8444.69200000004
21-372-03561,2023,11369.686999999918
21-372-03562,2023,7237.153000000049
21-372-03563,2023,18294.83400000003
21-372-03564,2023,6862.733999999997
21-372-03565,2023,5847.293000000005
21-372-03566,2023,8523.698999999906
21-373-03346,2023,7899.780000000028
21-373-03347,2023,9407.65300000005
21-373-03348,2023,6918.665999999968
21-374-03573,2023,5462.64599999995
21-374-03574,2023,4123.729999999981
21-374-03575,2023,34716.92599999998
21-374-03576,2023,4035.956999999995
21-374-03577,2023,3835.594999999972
21-374-03578,2023,4854.878000000026
21-374-03579,2023,4231.26800000004
21-374-03580,2023,4456.358000000066
21-374-03581,2023,6344.014000000025
21-374-03582,2023,5934.092000000004
21-374-03583,2023,11582.020000000019
21-374-03584,2023,3403.421000000002
21-374-03585,2023,8438.683999999892
21-374-03586,2023,12406.45299999998
21-374-03587,2023,4582.181999999972
21-374-03588,2023,7820.48199999996
21-374-03589,2023,6298.766999999934
21-375-03443,2023,10367.280999999959
21-375-03444,2023,7705.993000000017
21-375-03445,2023,10323.246000000043
21-375-03446,2023,10300.73999999999
21-375-03447,2023,9454.42100000009
21-375-03448,2023,7976.741999999969
21-375-03449,2023,9452.493999999948
21-375-03450,2023,10662.608999999939
21-375-03451,2023,16827.397000000114
21-375-03452,2023,12754.281000000075
21-375-03453,2023,7656.930000000051
21-375-03454,2023,2380.9990000000107
21-375-03455,2023,5304.431999999972
21-376-03487,2023,12501.900000000023
21-376-03488,2023,2636.521999999997
21-376-03489,2023,11200.90399999998
21-376-03490,2023,3791.3330000000424
21-376-03491,2023,12798.277000000002
21-376-03492,2023,3351.152000000002
21-376-03493,2023,4558.964999999967
21-376-03494,2023,2498.642999999982
21-376-03495,2023,3387.56700000001
21-376-03496,2023,7194.180999999982
21-376-03497,2023,6114.127999999968
21-376-03498,2023,8892.788000000059
21-376-03499,2023,3475.277999999991
21-376-03500,2023,8603.908000000054
21-376-03501,2023,7698.156000000075
21-376-03502,2023,6211.0320000000065
21-376-03503,2023,6157.869999999995
21-376-03504,2023,3956.414999999979
21-376-03505,2023,8559.811999999918
21-376-03506,2023,6568.789999999979
21-376-03507,2023,5326.718999999983
21-376-03508,2023,3826.8699999999953
21-376-03509,2023,3663.4290000000037
21-376-03510,2023,7007.614000000001
21-376-03511,2023,2255.566999999981
21-376-03512,2023,6650.983999999997
21-377-03298,2023,6889.505000000005
21-377-03299,2023,23308.762000000104
21-377-03300,2023,18284.209999999963
21-377-03301,2023,6068.3520000000135
21-377-03302,2023,14036.685000000056
21-377-03303,2023,8256.016999999993
21-377-03304,2023,8287.488000000012
21-377-03305,2023,10557.212999999989
21-377-03306,2023,12442.376000000047
21-377-03307,2023,29253.39099999983
21-377-03308,2023,8200.358000000007
21-377-03309,2023,10403.38300000003
21-378-03322,2023,19264.727000000188
21-378-03323,2023,20357.91599999997
21-378-03324,2023,6966.777000000002
21-378-03325,2023,9220.055999999982
21-378-03326,2023,19670.49900000007
21-378-03327,2023,13653.47100000002
21-378-03328,2023,13937.158000000054
21-379-03434,2023,21649.91799999983
21-379-03435,2023,15090.298999999883
21-379-03436,2023,14149.138000000035
21-379-03437,2023,31895.524999999907
21-379-03438,2023,36687.992000000086
21-379-03439,2023,11775.293000000063
21-379-03440,2023,23878.523999999976
21-379-03441,2023,19547.876000000164
21-379-03442,2023,15409.939999999944
21-380-03386,2023,16092.81799999997
21-380-03387,2023,3506.326000000001
21-380-03388,2023,15461.976000000024
21-380-03389,2023,18216.326999999932
21-380-03390,2023,30996.315000000177
21-380-03391,2023,3259.6080000000075
21-380-03392,2023,6984.38699999993
21-380-03393,2023,16094.763000000035
21-381-03332,2023,15002.618000000017
21-381-03333,2023,10545.854999999981
21-381-03334,2023,3714.3459999999614
21-381-03335,2023,10868.670000000042
21-381-03336,2023,2100.5540000000037
21-381-03337,2023,55735.64099999983
21-381-03338,2023,2614.44200000001
21-381-03339,2023,15124.604999999981
21-381-03340,2023,15140.427999999956
21-381-03341,2023,13113.910000000033
21-381-03342,2023,6254.71100000001
21-381-03343,2023,16322.70299999998
21-381-03344,2023,21556.89100000006
21-381-03345,2023,4493.855999999971
21-382-03394,2023,22992.610000000102
21-382-03395,2023,13963.474999999977
21-382-03396,2023,16771.4029999997
21-382-03397,2023,11616.917000000016
21-382-03398,2023,23383.297000000253
21-382-03399,2023,15735.361000000034
21-382-03400,2023,11682.918000000063
21-382-03401,2023,11350.816999999923
21-382-03402,2023,8375.326000000001
21-382-03403,2023,15962.247999999905
21-383-03349,2023,11263.84699999995
21-383-03350,2023,17701.27000000002
21-383-03351,2023,15099.56799999997
21-383-03352,2023,14657.578000000096
21-383-03353,2023,10122.738999999943
21-383-03354,2023,11997.242999999784
21-383-03355,2023,8754.792000000016
21-383-03356,2023,5798.476000000024
21-384-03276,2023,10641.226999999955
21-384-03277,2023,8356.394999999902
21-384-03278,2023,11133.897999999928
21-384-03279,2023,18525.898999999743
21-384-03280,2023,7625.689999999944
21-384-03281,2023,4629.008000000031
21-384-03282,2023,11197.513000000035
21-384-03283,2023,12639.415000000037
21-385-03523,2023,12113.886999999988
21-385-03524,2023,8889.118000000017
21-385-03525,2023,1501.5390000000043
21-385-03526,2023,8273.580999999947
21-385-03527,2023,17433.82399999979
21-385-03528,2023,8438.683999999892
21-385-03529,2023,14973.128000000026
21-385-03530,2023,17599.11300000013
21-386-03456,2023,3830.7300000000396
21-386-03457,2023,8534.125
21-386-03458,2023,8354.063000000082
21-386-03459,2023,14884.77500000014
21-386-03460,2023,94975.5839999998
21-386-03461,2023,7743.885000000009
21-386-03462,2023,2460.902000000002
21-386-03463,2023,15952.435999999987
21-386-03464,2023,16431.17699999991
21-386-03465,2023,19855.152999999933
21-387-03536,2023,8107.554000000004
21-387-03537,2023,42596.15700000012
21-387-03538,2023,5565.791999999958
21-387-03539,2023,8338.61699999997
21-387-03540,2023,9540.676000000094
21-387-03541,2023,16408.949000000022
21-387-03542,2023,6455.489000000001
21-387-03543,2023,12215.708999999915
21-387-03544,2023,14751.04700000002
21-387-03545,2023,12693.316999999923
21-387-03546,2023,6543.046999999962
21-388-03364,2023,8592.094999999972
21-388-03365,2023,5590.750999999989
21-388-03366,2023,4536.151999999973
21-388-03367,2023,10882.26000000001
21-388-03368,2023,12829.344000000157
21-388-03369,2023,16912.93799999985
21-388-03370,2023,18320.274999999907
21-388-03371,2023,17504.560999999987
21-388-03372,2023,15903.72399999993
21-388-03373,2023,5100.721999999951
21-388-03374,2023,10448.599999999977
21-388-03375,2023,8655.563000000082
21-388-03376,2023,11095.999000000069
21-388-03377,2023,15507.528999999864
21-388-03378,2023,30130.159999999916
21-388-03379,2023,9946.226999999955
21-388-03380,2023,15205.59300000011
21-388-03381,2023,11648.202000000048
21-388-03382,2023,46756.14000000013
21-388-03383,2023,9576.73999999999
21-388-03384,2023,3699.8160000000207
21-388-03385,2023,13270.457999999984
21-389-03357,2023,4403.584000000032
21-389-03358,2023,4484.040999999968
21-389-03359,2023,1143.5690000000031
21-389-03360,2023,10248.0830000001
21-389-03361,2023,2785.6879999999946
21-389-03362,2023,5186.358000000066
21-389-03363,2023,14174.783999999985
21-390-03422,2023,5241.570999999938
21-390-03423,2023,3985.7789999999804
21-390-03424,2023,7556.957999999984
21-390-03425,2023,637.2079999999987
21-390-03426,2023,3935.407999999996
21-390-03427,2023,6839.966000000015
21-390-03428,2023,2790.543000000005
21-390-03429,2023,4717.99099999998
21-390-03430,2023,5609.534999999974
21-390-03431,2023,2731.6240000000107
21-390-03432,2023,2111.4619999999995
21-390-03433,2023,3366.3550000000105
21-391-03329,2023,13381.132999999914
21-391-03330,2023,14971.368999999948
21-391-03331,2023,16821.040000000037
21-392-03567,2023,10565.79600000009
21-392-03568,2023,8254.621000000043
21-392-03569,2023,9252.787000000011
21-392-03570,2023,7320.800999999978
21-392-03571,2023,4071.944999999978
21-392-03572,2023,7926.468999999925
21-393-03284,2023,9686.69200000004
21-393-03285,2023,22803.29700000002
21-393-03286,2023,13536.445000000065
21-393-03287,2023,12837.90399999998
21-393-03288,2023,11788.201000000001
21-393-03289,2023,2198.1879999999946
21-393-03290,2023,9638.511999999988
21-393-03291,2023,15219.398000000045
21-393-03292,2023,10819.094999999972
21-393-03293,2023,14879.529999999795
21-393-03294,2023,16141.405999999959
21-393-03295,2023,8594.160000000033
21-393-03296,2023,24233.89100000006
21-393-03297,2023,9120.532000000007
21-394-03531,2023,6317.28899999999
21-394-03532,2023,10669.498000000021
21-394-03533,2023,13463.02800000005
21-394-03534,2023,14095.344999999856
21-394-03535,2023,9091.476000000024
21-395-03409,2023,19957.835999999894
21-395-03410,2023,8254.55799999996
21-395-03411,2023,12375.878999999957
21-395-03412,2023,14373.383999999845
21-395-03413,2023,13681.70299999998
21-395-03414,2023,2916.789999999979
21-395-03415,2023,1940.5219999999972
21-395-03416,2023,9404.731000000029
21-395-03417,2023,10540.148000000045
21-395-03418,2023,10590.14300000004
21-395-03419,2023,9772.88300000003
21-395-03420,2023,7709.5320000000065
21-395-03421,2023,8593.958999999915
21-396-03547,2023,3918.087999999989
21-396-03548,2023,3609.2820000000065
21-396-03549,2023,3279.777000000002
21-396-03550,2023,6656.364999999991
21-396-03551,2023,4460.954999999958
21-396-03552,2023,8991.111000000034
21-396-03553,2023,9191.683000000077
21-396-03554,2023,4531.84500000003
21-396-03555,2023,5273.704000000027
21-396-03556,2023,2219.447999999975
21-396-03557,2023,14174.783999999985
21-397-03513,2023,4002.8280000000377
21-397-03514,2023,3770.155000000028
21-397-03515,2023,10460.912999999942
21-397-03516,2023,10141.515000000014
21-397-03517,2023,7949.581000000122
21-397-03518,2023,2729.055000000022
21-397-03519,2023,3916.6350000000093
21-397-03520,2023,9969.35699999996
21-397-03521,2023,9787.535000000033
21-397-03522,2023,11193.439999999944
21-398-03466,2023,3799.655000000028
21-398-03467,2023,7372.766999999993
21-398-03468,2023,7438.221000000136
21-398-03469,2023,5688.726999999955
21-398-03470,2023,12098.65699999989
21-398-03471,2023,6296.128000000026
21-398-03472,2023,9271.951000000001
21-398-03473,2023,3378.8429999999935
21-398-03474,2023,5809.7639999999665
21-398-03475,2023,3921.3979999999865
21-398-03476,2023,5027.72900000005
21-398-03477,2023,2319.0510000000068
21-398-03478,2023,5543.714000000036
21-398-03479,2023,7111.53600000008
21-399-03480,2023,7028.68200000003
21-399-03481,2023,1455.7749999999942
21-399-03482,2023,7678.537000000011
21-399-03483,2023,5560.303000000014
21-399-03484,2023,6307.1260000000475
21-399-03485,2023,7629.777000000002
21-399-03486,2023,4737.01999999996
21-370-03310,2024,8180.40699999989
21-370-03311,2024,6142.195000000007
21-370-03312,2024,15541.199000000022
21-370-03313,2024,17492.68299999996
21-370-03314,2024,6006.258999999962
21-370-03315,2024,11076.879000000074
21-370-03316,2024,5631.255999999994
21-370-03317,2024,10902.070999999996
21-370-03318,2024,5672.931999999972
21-370-03319,2024,12452.640000000014
21-370-03320,2024,10949.898000000045
21-370-03321,2024,11992.196999999927
21-371-03404,2024,24245.569000000134
21-371-03405,2024,1530.4379999999946
21-371-03406,2024,3598.539999999979
21-371-03407,2024,3393.225000000035
21-371-03408,2024,10980.009999999893
21-372-03558,2024,8990.839000000036
21-372-03559,2024,26394.46299999999
21-372-03560,2024,8762.808000000077
21-372-03561,2024,11744.532999999938
21-372-03562,2024,7469.597000000009
21-372-03563,2024,18866.716000000015
21-372-03564,2024,7107.851000000024
21-372-03565,2024,6045.412000000011
21-372-03566,2024,8809.64599999995
21-373-03346,2024,8184.715000000084
21-373-03347,2024,9735.621999999974
21-373-03348,2024,7160.273999999976
21-374-03573,2024,5680.573999999964
21-374-03574,2024,4275.974999999977
21-374-03575,2024,35981.28900000034
21-374-03576,2024,4187.248000000021
21-374-03577,2024,3981.9499999999534
21-374-03578,2024,5035.9220000000205
21-374-03579,2024,4382.391999999993
21-374-03580,2024,4626.737000000023
21-374-03581,2024,6583.891000000003
21-374-03582,2024,6175.903000000049
21-374-03583,2024,11970.724999999977
21-374-03584,2024,3509.8190000000177
21-374-03585,2024,8778.630999999936
21-374-03586,2024,12831.301999999909
21-374-03587,2024,4732.8979999999865
21-374-03588,2024,8097.427999999956
21-374-03589,2024,6512.832999999926
21-375-03443,2024,10825.07899999991
21-375-03444,2024,7978.457000000053
21-375-03445,2024,10738.734000000055
21-375-03446,2024,10633.425000000047
21-375-03447,2024,9836.554000000004
21-375-03448,2024,8271.113000000012
21-375-03449,2024,9760.915999999968
21-375-03450,2024,11067.241000000038
21-375-03451,2024,17445.73800000013
21-375-03452,2024,13244.47900000005
21-375-03453,2024,7964.7200000000885
21-375-03454,2024,2456.410999999993
21-375-03455,2024,5477.558000000019
21-376-03487,2024,12947.82500000007
21-376-03488,2024,2740.6380000000063
21-376-03489,2024,11671.386000000057
21-376-03490,2024,3941.627000000037
21-376-03491,2024,13247.853000000003
21-376-03492,2024,3439.5780000000086
21-376-03493,2024,4734.294999999984
21-376-03494,2024,2589.606999999989
21-376-03495,2024,3507.6480000000156
21-376-03496,2024,7432.453999999969
21-376-03497,2024,6327.9619999999995
21-376-03498,2024,9230.712000000058
21-376-03499,2024,3587.4219999999914
21-376-03500,2024,8895.837000000058
21-376-03501,2024,7987.249000000069
21-376-03502,2024,6432.523000000045
21-376-03503,2024,6367.109999999986
21-376-03504,2024,4114.375
21-376-03505,2024,8889.247999999905
21-376-03506,2024,6810.565000000002
21-376-03507,2024,5523.230999999971
21-376-03508,2024,3963.640000000014
21-376-03509,2024,3788.3859999999986
21-376-03510,2024,7221.045999999973
21-376-03511,2024,2337.0779999999795
21-376-03512,2024,6900.025999999954
21-377-03298,2024,7121.630000000005
21-377-03299,2024,24231.767999999924
21-377-03300,2024,18912.024999999907
21-377-03301,2024,6275.898000000045
21-377-03302,2024,14617.590000000084
21-377-03303,2024,8555.998000000021
21-377-03304,2024,8557.427000000025
21-377-03305,2024,10914.466999999946
21-377-03306,2024,12958.78899999999
21-377-03307,2024,30256.733999999706
21-377-03308,2024,8493.896999999997
21-377-03309,2024,10768.55700000003
21-378-03322,2024,19915.847999999998
21-378-03323,2024,20927.878999999957
21-378-03324,2024,7230.457999999984
21-378-03325,2024,9585.933999999892
21-378-03326,2024,20319.9160000002
21-378-03327,2024,14103.71399999992
21-378-03328,2024,14394.032000000007
21-379-03434,2024,22296.086999999825
21-379-03435,2024,15549.215999999898
21-379-03436,2024,14587.861999999965
21-379-03437,2024,32956.48499999987
21-379-03438,2024,37861.69299999997
21-379-03439,2024,12123.207000000053
21-379-03440,2024,24645.14100000006
21-379-03441,2024,20105.25900000008
21-379-03442,2024,15973.85999999987
21-380-03386,2024,16536.22199999995
21-380-03387,2024,3606.9489999999932
21-380-03388,2024,15894.518999999971
21-380-03389,2024,18721.697999999975
21-380-03390,2024,31897.99500000011
21-380-03391,2024,3334.902000000002
21-380-03392,2024,7184.422999999952
21-380-03393,2024,16547.532000000007
21-381-03332,2024,15467.016999999993
21-381-03333,2024,10870.25
21-381-03334,2024,3854.398999999976
21-381-03335,2024,11244.480000000098
21-381-03336,2024,2148.576000000001
21-381-03337,2024,57595.819000000134
21-381-03338,2024,2686.073000000004
21-381-03339,2024,15649.479999999981
21-381-03340,2024,15638.421999999904
21-381-03341,2024,13561.810000000056
21-381-03342,2024,6451.699000000022
21-381-03343,2024,16814.427000000025
21-381-03344,2024,22237.12400000007
21-381-03345,2024,4648.713999999978
21-382-03394,2024,23758.815000000177
21-382-03395,2024,14440.630000000005
21-382-03396,2024,17350.86199999973
21-382-03397,2024,12021.913000000059
21-382-03398,2024,24146.158000000054
21-382-03399,2024,16270.433999999892
21-382-03400,2024,12040.752000000095
21-382-03401,2024,11737.022999999928
21-382-03402,2024,8630.629000000015
21-382-03403,2024,16482.972000000067
21-383-03349,2024,11657.123000000021
21-383-03350,2024,18272.199999999953
21-383-03351,2024,15599.691999999923
21-383-03352,2024,15115.157000000123
21-383-03353,2024,10484.280999999959
21-383-03354,2024,12533.756999999983
21-383-03355,2024,9131.39300000004
21-383-03356,2024,5970.75900000002
21-384-03276,2024,10958.498000000021
21-384-03277,2024,8638.729999999865
21-384-03278,2024,11476.831999999937
21-384-03279,2024,19248.555999999866
21-384-03280,2024,7858.584999999963
21-384-03281,2024,4773.436999999976
21-384-03282,2024,11575.216999999946
21-384-03283,2024,13073.359999999986
21-385-03523,2024,12502.51800000004
21-385-03524,2024,9183.92200000002
21-385-03525,2024,1547.5510000000068
21-385-03526,2024,8531.853999999934
21-385-03527,2024,17975.76599999983
21-385-03528,2024,8778.630999999936
21-385-03529,2024,15388.376999999979
21-385-03530,2024,18234.667000000132
21-386-03456,2024,3970.4550000000163
21-386-03457,2024,8842.964999999967
21-386-03458,2024,8682.272000000114
21-386-03459,2024,15437.360000000102
21-386-03460,2024,98584.50600000005
21-386-03461,2024,8022.290000000037
21-386-03462,2024,2555.7630000000063
21-386-03463,2024,16605.918999999994
21-386-03464,2024,17005.492999999784
21-386-03465,2024,20625.746999999974
21-387-03536,2024,8378.03600000008
21-387-03537,2024,44004.6379999998
21-387-03538,2024,5741.113000000012
21-387-03539,2024,8661.032999999938
21-387-03540,2024,9866.109000000055
21-387-03541,2024,16963.53099999996
21-387-03542,2024,6683.406000000017
21-387-03543,2024,12652.655999999959
21-387-03544,2024,15213.558000000077
21-387-03545,2024,13103.062999999966
21-387-03546,2024,6753.487999999954
21-388-03364,2024,8869.61499999999
21-388-03365,2024,5798.829000000027
21-388-03366,2024,4644.2029999999795
21-388-03367,2024,11281.569999999949
21-388-03368,2024,13278.951000000117
21-388-03369,2024,17489.936999999918
21-388-03370,2024,18896.58999999985
21-388-03371,2024,18094.728999999817
21-388-03372,2024,16467.230999999912
21-388-03373,2024,5248.117999999959
21-388-03374,2024,10801.444999999949
21-388-03375,2024,8950.162000000011
21-388-03376,2024,11496.790999999968
21-388-03377,2024,16035.216000000015
21-388-03378,2024,31107.925000000047
21-388-03379,2024,10270.822999999975
21-388-03380,2024,15687.967000000062
21-388-03381,2024,12043.678000000073
21-388-03382,2024,48288.74500000011
21-388-03383,2024,9890.145000000019
21-388-03384,2024,3821.8940000000002
21-388-03385,2024,13721.621999999974
21-389-03357,2024,4558.296000000031
21-389-03358,2024,4640.438999999955
21-389-03359,2024,1187.3410000000003
21-389-03360,2024,10611.742000000086
21-389-03361,2024,2889.1320000000123
21-389-03362,2024,5375.792000000016
21-389-03363,2024,14763.790999999968
21-390-03422,2024,5436.883999999962
21-390-03423,2024,4130.540999999968
21-390-03424,2024,7839.6570000000065
21-390-03425,2024,653.6569999999992
21-390-03426,2024,4079.4869999999646
21-390-03427,2024,7098.774000000034
21-390-03428,2024,2894.6420000000217
21-390-03429,2024,4909.103999999992
21-390-03430,2024,5815.409999999974
21-390-03431,2024,2839.130999999994
21-390-03432,2024,2180.3029999999853
21-390-03433,2024,3488.960000000021
21-391-03329,2024,13916.706999999937
21-391-03330,2024,15522.256000000052
21-391-03331,2024,17450.78500000015
21-392-03567,2024,10911.574000000022
21-392-03568,2024,8541.449000000022
21-392-03569,2024,9562.388000000035
21-392-03570,2024,7579.648999999976
21-392-03571,2024,4201.979999999952
21-392-03572,2024,8219.535999999964
21-393-03284,2024,10046.138000000035
21-393-03285,2024,23835.888000000035
21-393-03286,2024,14056.469999999972
21-393-03287,2024,13351.451000000001
21-393-03288,2024,12291.138999999966
21-393-03289,2024,2298.9219999999914
21-393-03290,2024,10037.923000000068
21-393-03291,2024,15835.052000000142
21-393-03292,2024,11252.5
21-393-03293,2024,15492.354999999749
21-393-03294,2024,16802.058999999892
21-393-03295,2024,8937.86499999999
21-393-03296,2024,25190.753999999957
21-393-03297,2024,9493.113000000012
21-394-03531,2024,6558.581000000006
21-394-03532,2024,11042.197000000044
21-394-03533,2024,13971.552000000025
21-394-03534,2024,14620.014999999781
21-394-03535,2024,9422.878999999957
21-395-03409,2024,20737.42899999977
21-395-03410,2024,8601.566999999923
21-395-03411,2024,12879.256000000052
21-395-03412,2024,14921.090999999782
21-395-03413,2024,14183.146999999997
21-395-03414,2024,3028.954999999987
21-395-03415,2024,1993.6979999999894
21-395-03416,2024,9761.28899999999
21-395-03417,2024,10940.357000000076
21-395-03418,2024,11007.347000000067
21-395-03419,2024,10164.69200000004
21-395-03420,2024,7996.478000000003
21-395-03421,2024,8922.826000000001
21-396-03547,2024,4056.3219999999856
21-396-03548,2024,3787.228000000003
21-396-03549,2024,3434.168000000005
21-396-03550,2024,6910.739999999991
21-396-03551,2024,4637.909999999974
21-396-03552,2024,9342.128999999957
21-396-03553,2024,9541.532000000007
21-396-03554,2024,4704.875000000058
21-396-03555,2024,5487.135999999999
21-396-03556,2024,2307.95199999999
21-396-03557,2024,14763.790999999968
21-397-03513,2024,4159.722000000009
21-397-03514,2024,3923.4100000000326
21-397-03515,2024,10869.97199999995
21-397-03516,2024,10558.515000000014
21-397-03517,2024,8277.464000000036
21-397-03518,2024,2832.8000000000175
21-397-03519,2024,4069.929999999993
21-397-03520,2024,10371.542999999947
21-397-03521,2024,10170.765000000014
21-397-03522,2024,11643.88500000001
21-398-03466,2024,3943.185000000056
21-398-03467,2024,7683.6879999999655
21-398-03468,2024,7734.994000000064
21-398-03469,2024,5917.197999999975
21-398-03470,2024,12577.452999999863
21-398-03471,2024,6548.8369999999995
21-398-03472,2024,9646.434000000008
21-398-03473,2024,3500.777000000002
21-398-03474,2024,6064.840999999957
21-398-03475,2024,4077.7569999999832
21-398-03476,2024,5219.871000000043
21-398-03477,2024,2405.214000000007
21-398-03478,2024,5764.006000000052
21-398-03479,2024,7376.514000000083
21-399-03480,2024,7292.798000000068
21-399-03481,2024,1510.0
21-399-03482,2024,8009.103000000003
21-399-03483,2024,5811.222000000009
21-399-03484,2024,6572.204000000027
21-399-03485,2024,7957.023000000045
21-399-03486,2024,4970.974999999977
