object_id,year,sum_young_population
21-370-03310,2021,6498.614999999998
21-370-03311,2021,4961.9000000000015
21-370-03312,2021,12468.645000000004
21-370-03313,2021,13948.019999999997
21-370-03314,2021,4799.264999999999
21-370-03315,2021,8922.134999999998
21-370-03316,2021,4505.06
21-370-03317,2021,9085.940000000002
21-370-03318,2021,4545.09
21-370-03319,2021,9976.775
21-370-03320,2021,8864.779999999999
21-370-03321,2021,9717.905000000002
21-371-03404,2021,22564.150000000023
21-371-03405,2021,1436.8399999999997
21-371-03406,2021,3358.8849999999998
21-371-03407,2021,3089.1949999999924
21-371-03408,2021,10265.684999999998
21-372-03558,2021,8226.069999999992
21-372-03559,2021,23762.309999999998
21-372-03560,2021,7906.015000000014
21-372-03561,2021,10706.32
21-372-03562,2021,6895.954999999998
21-372-03563,2021,17295.43
21-372-03564,2021,6610.475000000006
21-372-03565,2021,5495.644999999997
21-372-03566,2021,8023.07
21-373-03346,2021,8842.615000000005
21-373-03347,2021,10298.934999999998
21-373-03348,2021,7701.800000000003
21-374-03573,2021,6918.5350000000035
21-374-03574,2021,5251.380000000005
21-374-03575,2021,44387.07000000001
21-374-03576,2021,5133.934999999998
21-374-03577,2021,4868.575000000012
21-374-03578,2021,6094.024999999994
21-374-03579,2021,5419.205000000002
21-374-03580,2021,5657.109999999986
21-374-03581,2021,8051.635000000009
21-374-03582,2021,7511.354999999981
21-374-03583,2021,14851.284999999989
21-374-03584,2021,4384.565
21-374-03585,2021,10856.690000000002
21-374-03586,2021,15856.37999999999
21-374-03587,2021,5882.125
21-374-03588,2021,9798.705000000002
21-374-03589,2021,8067.999999999993
21-375-03443,2021,14836.854999999981
21-375-03444,2021,11302.430000000008
21-375-03445,2021,15073.890000000014
21-375-03446,2021,14780.035
21-375-03447,2021,13768.98000000004
21-375-03448,2021,11702.585000000021
21-375-03449,2021,13873.55
21-375-03450,2021,15619.575000000012
21-375-03451,2021,24841.60500000004
21-375-03452,2021,18664.429999999993
21-375-03453,2021,11148.369999999995
21-375-03454,2021,3527.0249999999996
21-375-03455,2021,7760.174999999999
21-376-03487,2021,16128.339999999997
21-376-03488,2021,3375.4199999999983
21-376-03489,2021,14284.775000000023
21-376-03490,2021,4860.100000000006
21-376-03491,2021,16391.100000000006
21-376-03492,2021,4409.769999999997
21-376-03493,2021,5857.625
21-376-03494,2021,3221.3050000000003
21-376-03495,2021,4705.1500000000015
21-376-03496,2021,9337.970000000001
21-376-03497,2021,7907.904999999999
21-376-03498,2021,11503.604999999981
21-376-03499,2021,4520.290000000001
21-376-03500,2021,11145.265
21-376-03501,2021,9920.324999999983
21-376-03502,2021,7918.389999999999
21-376-03503,2021,7978.850000000006
21-376-03504,2021,6284.119999999995
21-376-03505,2021,10588.125
21-376-03506,2021,8461.794999999998
21-376-03507,2021,6860.369999999995
21-376-03508,2021,4964.485000000001
21-376-03509,2021,4717.285
21-376-03510,2021,9334.124999999993
21-376-03511,2021,2921.8099999999977
21-376-03512,2021,8560.005000000005
21-377-03298,2021,6840.265000000007
21-377-03299,2021,22867.045000000042
21-377-03300,2021,18128.429999999993
21-377-03301,2021,6019.029999999999
21-377-03302,2021,13699.0
21-377-03303,2021,8152.865000000005
21-377-03304,2021,8249.665
21-377-03305,2021,10574.294999999998
21-377-03306,2021,12222.589999999967
21-377-03307,2021,29052.755000000005
21-377-03308,2021,7982.340000000011
21-377-03309,2021,10285.970000000001
21-378-03322,2021,17892.214999999997
21-378-03323,2021,19102.645000000004
21-378-03324,2021,6411.925000000003
21-378-03325,2021,8462.304999999993
21-378-03326,2021,18093.234999999986
21-378-03327,2021,12625.929999999993
21-378-03328,2021,12947.544999999998
21-379-03434,2021,14884.559999999998
21-379-03435,2021,10638.560000000001
21-379-03436,2021,9695.914999999999
21-379-03437,2021,21775.345
21-379-03438,2021,24658.62000000001
21-379-03439,2021,8094.605
21-379-03440,2021,16336.525000000009
21-379-03441,2021,13743.87999999999
21-379-03442,2021,10453.789999999979
21-380-03386,2021,9498.845000000001
21-380-03387,2021,2077.415
21-380-03388,2021,9116.460000000006
21-380-03389,2021,10808.465000000011
21-380-03390,2021,18598.079999999994
21-380-03391,2021,1942.6949999999997
21-380-03392,2021,4164.02
21-380-03393,2021,9554.279999999999
21-381-03332,2021,11209.455000000002
21-381-03333,2021,7644.215
21-381-03334,2021,2660.7550000000047
21-381-03335,2021,7823.595000000001
21-381-03336,2021,1541.0950000000012
21-381-03337,2021,39940.649999999965
21-381-03338,2021,1901.6000000000022
21-381-03339,2021,10957.354999999996
21-381-03340,2021,10934.720000000008
21-381-03341,2021,9250.61
21-381-03342,2021,4475.645
21-381-03343,2021,11838.22
21-381-03344,2021,15797.304999999993
21-381-03345,2021,3255.16
21-382-03394,2021,19747.99000000002
21-382-03395,2021,12139.265
21-382-03396,2021,14567.804999999993
21-382-03397,2021,10132.740000000005
21-382-03398,2021,22221.815000000002
21-382-03399,2021,13759.670000000013
21-382-03400,2021,10284.259999999998
21-382-03401,2021,9930.225000000006
21-382-03402,2021,7369.744999999998
21-382-03403,2021,14144.345000000001
21-383-03349,2021,10074.350000000006
21-383-03350,2021,15952.634999999995
21-383-03351,2021,13580.224999999999
21-383-03352,2021,13397.27
21-383-03353,2021,9063.830000000002
21-383-03354,2021,10798.359999999986
21-383-03355,2021,7729.714999999967
21-383-03356,2021,5257.010000000002
21-384-03276,2021,11366.555
21-384-03277,2021,8856.279999999999
21-384-03278,2021,11844.015000000001
21-384-03279,2021,19433.61499999999
21-384-03280,2021,8132.885000000002
21-384-03281,2021,4930.324999999999
21-384-03282,2021,12476.98999999999
21-384-03283,2021,13340.229999999996
21-385-03523,2021,8749.399999999998
21-385-03524,2021,6416.07
21-385-03525,2021,1085.0550000000003
21-385-03526,2021,5972.530000000001
21-385-03527,2021,12613.259999999998
21-385-03528,2021,10856.690000000002
21-385-03529,2021,10882.565000000002
21-385-03530,2021,12806.01000000001
21-386-03456,2021,2952.2649999999994
21-386-03457,2021,7274.169999999998
21-386-03458,2021,7266.810000000027
21-386-03459,2021,12949.535000000003
21-386-03460,2021,77463.12000000011
21-386-03461,2021,6537.925000000003
21-386-03462,2021,2112.959999999992
21-386-03463,2021,13688.265000000014
21-386-03464,2021,14379.75999999998
21-386-03465,2021,15955.775000000023
21-387-03536,2021,5451.334999999999
21-387-03537,2021,29117.70000000001
21-387-03538,2021,3842.9199999999983
21-387-03539,2021,5637.050000000003
21-387-03540,2021,6503.0899999999965
21-387-03541,2021,11620.12999999999
21-387-03542,2021,4435.830000000002
21-387-03543,2021,8331.220000000001
21-387-03544,2021,10191.005
21-387-03545,2021,8689.589999999997
21-387-03546,2021,4480.209999999999
21-388-03364,2021,8093.82
21-388-03365,2021,5217.155000000013
21-388-03366,2021,4339.8399999999965
21-388-03367,2021,10553.214999999997
21-388-03368,2021,11952.814999999988
21-388-03369,2021,15870.650000000009
21-388-03370,2021,16781.76
21-388-03371,2021,16441.975000000006
21-388-03372,2021,14896.714999999997
21-388-03373,2021,4661.245000000003
21-388-03374,2021,9808.254999999997
21-388-03375,2021,7934.874999999993
21-388-03376,2021,10372.274999999994
21-388-03377,2021,14384.529999999999
21-388-03378,2021,28360.859999999993
21-388-03379,2021,8876.920000000002
21-388-03380,2021,14333.285
21-388-03381,2021,10938.87999999999
21-388-03382,2021,43994.13499999998
21-388-03383,2021,9014.154999999999
21-388-03384,2021,3479.24
21-388-03385,2021,12506.01000000001
21-389-03357,2021,7166.709999999992
21-389-03358,2021,7340.760000000002
21-389-03359,2021,1839.8449999999975
21-389-03360,2021,15431.395000000004
21-389-03361,2021,4534.9549999999945
21-389-03362,2021,8269.850000000006
21-389-03363,2021,23207.280000000028
21-390-03422,2021,7854.449999999997
21-390-03423,2021,5717.749999999993
21-390-03424,2021,11135.649999999994
21-390-03425,2021,851.5200000000004
21-390-03426,2021,5911.790000000008
21-390-03427,2021,10197.029999999999
21-390-03428,2021,4193.8299999999945
21-390-03429,2021,6957.235000000015
21-390-03430,2021,8427.149999999994
21-390-03431,2021,3902.4999999999854
21-390-03432,2021,3197.09
21-390-03433,2021,5062.809999999998
21-391-03329,2021,16562.205000000016
21-391-03330,2021,18068.084999999992
21-391-03331,2021,20317.36499999999
21-392-03567,2021,9912.675
21-392-03568,2021,7871.519999999997
21-392-03569,2021,8562.634999999995
21-392-03570,2021,7021.894999999997
21-392-03571,2021,3829.3150000000005
21-392-03572,2021,7375.360000000001
21-393-03284,2021,9298.684999999998
21-393-03285,2021,21908.89500000002
21-393-03286,2021,13190.950000000012
21-393-03287,2021,12472.630000000005
21-393-03288,2021,11390.36499999999
21-393-03289,2021,2142.4199999999983
21-393-03290,2021,9214.524999999994
21-393-03291,2021,14759.350000000035
21-393-03292,2021,10508.195000000007
21-393-03293,2021,14406.669999999984
21-393-03294,2021,15644.660000000033
21-393-03295,2021,8351.125
21-393-03296,2021,23685.01999999996
21-393-03297,2021,8858.39499999999
21-394-03531,2021,7210.62000000001
21-394-03532,2021,12122.74500000001
21-394-03533,2021,15299.199999999983
21-394-03534,2021,16017.190000000031
21-394-03535,2021,10418.825000000012
21-395-03409,2021,23924.030000000028
21-395-03410,2021,9924.979999999981
21-395-03411,2021,14671.445000000007
21-395-03412,2021,17278.034999999974
21-395-03413,2021,16482.630000000034
21-395-03414,2021,3500.269999999997
21-395-03415,2021,2358.7350000000006
21-395-03416,2021,11068.73999999999
21-395-03417,2021,12664.050000000017
21-395-03418,2021,13186.429999999993
21-395-03419,2021,11732.199999999953
21-395-03420,2021,9276.180000000022
21-395-03421,2021,10631.01000000001
21-396-03547,2021,6607.2149999999965
21-396-03548,2021,5916.34500000003
21-396-03549,2021,5404.555000000022
21-396-03550,2021,10474.179999999993
21-396-03551,2021,7455.890000000014
21-396-03552,2021,14944.049999999988
21-396-03553,2021,15374.180000000022
21-396-03554,2021,7324.069999999992
21-396-03555,2021,8801.925000000017
21-396-03556,2021,3709.4449999999924
21-396-03557,2021,23207.280000000028
21-397-03513,2021,7467.579999999987
21-397-03514,2021,7108.170000000013
21-397-03515,2021,19671.5
21-397-03516,2021,18779.589999999967
21-397-03517,2021,14968.524999999965
21-397-03518,2021,5142.840000000011
21-397-03519,2021,7334.420000000013
21-397-03520,2021,18602.52999999997
21-397-03521,2021,17666.679999999935
21-397-03522,2021,21123.609999999986
21-398-03466,2021,6423.2699999999895
21-398-03467,2021,13147.794999999984
21-398-03468,2021,13327.065000000002
21-398-03469,2021,10130.929999999993
21-398-03470,2021,21608.09500000003
21-398-03471,2021,11230.434999999998
21-398-03472,2021,16534.205000000016
21-398-03473,2021,6078.940000000002
21-398-03474,2021,9899.505000000005
21-398-03475,2021,6951.415000000008
21-398-03476,2021,8922.910000000003
21-398-03477,2021,4013.6800000000003
21-398-03478,2021,8186.804999999993
21-398-03479,2021,12761.490000000005
21-399-03480,2021,13865.65499999997
21-399-03481,2021,2877.515000000003
21-399-03482,2021,15118.619999999995
21-399-03483,2021,10465.594999999972
21-399-03484,2021,12354.289999999979
21-399-03485,2021,14867.430000000051
21-399-03486,2021,9466.434999999998
21-370-03310,2022,6523.233999999997
21-370-03311,2022,4946.905999999999
21-370-03312,2022,12460.219000000005
21-370-03313,2022,13973.437999999995
21-370-03314,2022,4802.798
21-370-03315,2022,8933.957999999999
21-370-03316,2022,4508.162
21-370-03317,2022,9121.365000000005
21-370-03318,2022,4546.278
21-370-03319,2022,9983.924
21-370-03320,2022,8882.472999999998
21-370-03321,2022,9738.034000000003
21-371-03404,2022,22645.05600000001
21-371-03405,2022,1438.6909999999998
21-371-03406,2022,3361.8570000000004
21-371-03407,2022,3129.902000000002
21-371-03408,2022,10346.525999999983
21-372-03558,2022,8272.869999999995
21-372-03559,2022,23930.380000000005
21-372-03560,2022,7971.010000000009
21-372-03561,2022,10728.231999999996
21-372-03562,2022,6905.0
21-372-03563,2022,17295.248
21-372-03564,2022,6647.5060000000085
21-372-03565,2022,5513.618999999999
21-372-03566,2022,8045.5480000000025
21-373-03346,2022,8893.823000000004
21-373-03347,2022,10342.947
21-373-03348,2022,7736.432000000001
21-374-03573,2022,6993.331999999995
21-374-03574,2022,5286.6310000000085
21-374-03575,2022,44656.27399999992
21-374-03576,2022,5172.715000000011
21-374-03577,2022,4909.441000000006
21-374-03578,2022,6137.6860000000015
21-374-03579,2022,5446.901000000005
21-374-03580,2022,5704.355999999985
21-374-03581,2022,8115.823000000004
21-374-03582,2022,7602.198999999993
21-374-03583,2022,14885.547999999995
21-374-03584,2022,4381.414
21-374-03585,2022,10974.03899999999
21-374-03586,2022,15905.737999999998
21-374-03587,2022,5889.907999999999
21-374-03588,2022,9845.672999999995
21-374-03589,2022,8090.453999999998
21-375-03443,2022,15085.01000000001
21-375-03444,2022,11353.572
21-375-03445,2022,15244.946999999986
21-375-03446,2022,14786.47
21-375-03447,2022,13929.38500000001
21-375-03448,2022,11783.826000000001
21-375-03449,2022,13889.195
21-375-03450,2022,15752.902000000002
21-375-03451,2022,25001.49900000001
21-375-03452,2022,18835.72200000001
21-375-03453,2022,11274.130000000005
21-375-03454,2022,3527.2959999999994
21-375-03455,2022,7767.973
21-376-03487,2022,16212.437000000005
21-376-03488,2022,3409.5409999999974
21-376-03489,2022,14482.897999999986
21-376-03490,2022,4912.346000000005
21-376-03491,2022,16461.814000000013
21-376-03492,2022,4378.614999999998
21-376-03493,2022,5910.929000000004
21-376-03494,2022,3240.6829999999973
21-376-03495,2022,4731.895000000004
21-376-03496,2022,9353.474000000002
21-376-03497,2022,7941.805999999997
21-376-03498,2022,11599.610999999975
21-376-03499,2022,4523.416000000001
21-376-03500,2022,11175.943
21-376-03501,2022,9996.75999999998
21-376-03502,2022,7961.370999999999
21-376-03503,2022,8001.348000000005
21-376-03504,2022,6353.228999999992
21-376-03505,2022,10686.997000000003
21-376-03506,2022,8517.286000000007
21-376-03507,2022,6907.255999999994
21-376-03508,2022,4991.241000000002
21-376-03509,2022,4732.508999999998
21-376-03510,2022,9316.241999999991
21-376-03511,2022,2939.5569999999934
21-376-03512,2022,8624.866999999998
21-377-03298,2022,6866.136000000006
21-377-03299,2022,23135.16300000006
21-377-03300,2022,18211.909000000014
21-377-03301,2022,6045.959999999999
21-377-03302,2022,13891.603000000003
21-377-03303,2022,8210.430000000008
21-377-03304,2022,8269.505000000005
21-377-03305,2022,10613.073000000004
21-377-03306,2022,12397.959999999963
21-377-03307,2022,29182.076
21-377-03308,2022,8035.650000000009
21-377-03309,2022,10341.940000000002
21-378-03322,2022,17968.076
21-378-03323,2022,19040.380000000005
21-378-03324,2022,6473.825000000012
21-378-03325,2022,8566.568
21-378-03326,2022,18151.295999999988
21-378-03327,2022,12667.260999999999
21-378-03328,2022,12985.383000000002
21-379-03434,2022,14872.809999999998
21-379-03435,2022,10637.947
21-379-03436,2022,9704.905
21-379-03437,2022,21858.598999999987
21-379-03438,2022,24711.822000000015
21-379-03439,2022,8084.4339999999975
21-379-03440,2022,16373.108000000007
21-379-03441,2022,13711.264999999985
21-379-03442,2022,10541.986999999965
21-380-03386,2022,9465.006000000008
21-380-03387,2022,2073.7349999999997
21-380-03388,2022,9088.050000000003
21-380-03389,2022,10773.179000000004
21-380-03390,2022,18566.81399999999
21-380-03391,2022,1925.372000000003
21-380-03392,2022,4154.815000000002
21-380-03393,2022,9526.870000000003
21-381-03332,2022,11214.593
21-381-03333,2022,7647.461
21-381-03334,2022,2686.4370000000054
21-381-03335,2022,7866.703999999998
21-381-03336,2022,1524.0610000000015
21-381-03337,2022,40098.832999999984
21-381-03338,2022,1893.6410000000014
21-381-03339,2022,11018.504
21-381-03340,2022,10970.085
21-381-03341,2022,9295.656000000003
21-381-03342,2022,4482.9349999999995
21-381-03343,2022,11832.358
21-381-03344,2022,15817.124999999993
21-381-03345,2022,3272.304
21-382-03394,2022,19818.474000000017
21-382-03395,2022,12195.123999999996
21-382-03396,2022,14645.612999999983
21-382-03397,2022,10189.670000000013
21-382-03398,2022,22273.240999999995
21-382-03399,2022,13822.592000000004
21-382-03400,2022,10284.032999999998
21-382-03401,2022,9974.258000000002
21-382-03402,2022,7368.426999999998
21-382-03403,2022,14179.187000000005
21-383-03349,2022,10122.864000000016
21-383-03350,2022,15969.942999999992
21-383-03351,2022,13611.998
21-383-03352,2022,13397.500000000002
21-383-03353,2022,9117.156999999992
21-383-03354,2022,11007.516999999993
21-383-03355,2022,7854.52999999997
21-383-03356,2022,5246.9259999999995
21-384-03276,2022,11342.964
21-384-03277,2022,8885.061999999998
21-384-03278,2022,11835.923000000003
21-384-03279,2022,19626.878000000026
21-384-03280,2022,8123.4540000000015
21-384-03281,2022,4928.996999999999
21-384-03282,2022,12522.34199999999
21-384-03283,2022,13390.513999999996
21-385-03523,2022,8763.641
21-385-03524,2022,6435.57
21-385-03525,2022,1084.6330000000003
21-385-03526,2022,5975.515
21-385-03527,2022,12616.97
21-385-03528,2022,10974.03899999999
21-385-03529,2022,10837.83600000001
21-385-03530,2022,12895.83600000001
21-386-03456,2022,2974.840000000004
21-386-03457,2022,7331.432000000001
21-386-03458,2022,7350.816000000021
21-386-03459,2022,13062.820000000007
21-386-03460,2022,78220.69200000004
21-386-03461,2022,6588.15400000001
21-386-03462,2022,2135.785999999993
21-386-03463,2022,13878.571999999986
21-386-03464,2022,14460.215999999986
21-386-03465,2022,16127.765000000014
21-387-03536,2022,5472.476000000002
21-387-03537,2022,29212.20300000001
21-387-03538,2022,3847.209999999999
21-387-03539,2022,5697.599000000002
21-387-03540,2022,6531.7049999999945
21-387-03541,2022,11672.664999999994
21-387-03542,2022,4463.228000000003
21-387-03543,2022,8387.672999999995
21-387-03544,2022,10200.335999999998
21-387-03545,2022,8708.385999999999
21-387-03546,2022,4489.1709999999985
21-388-03364,2022,8106.395
21-388-03365,2022,5260.972000000009
21-388-03366,2022,4296.258000000002
21-388-03367,2022,10629.98099999997
21-388-03368,2022,12013.147999999986
21-388-03369,2022,15932.232000000018
21-388-03370,2022,16791.660999999996
21-388-03371,2022,16498.157999999996
21-388-03372,2022,14982.274000000005
21-388-03373,2022,4649.003000000001
21-388-03374,2022,9840.489999999998
21-388-03375,2022,7962.1919999999955
21-388-03376,2022,10441.187999999995
21-388-03377,2022,14440.856999999989
21-388-03378,2022,28405.27599999999
21-388-03379,2022,8890.388000000003
21-388-03380,2022,14342.494000000002
21-388-03381,2022,10980.887999999992
21-388-03382,2022,44087.140999999974
21-388-03383,2022,9033.447999999997
21-388-03384,2022,3487.392999999998
21-388-03385,2022,12552.892000000007
21-389-03357,2022,7192.9549999999945
21-389-03358,2022,7364.454000000005
21-389-03359,2022,1854.2569999999978
21-389-03360,2022,15486.146000000008
21-389-03361,2022,4563.468999999997
21-389-03362,2022,8314.22600000001
21-389-03363,2022,23476.934000000125
21-390-03422,2022,7904.831999999995
21-390-03423,2022,5751.135000000002
21-390-03424,2022,11208.823999999993
21-390-03425,2022,844.9340000000011
21-390-03426,2022,5945.123000000007
21-390-03427,2022,10272.625
21-390-03428,2022,4221.265999999996
21-390-03429,2022,7029.307000000001
21-390-03430,2022,8476.497999999992
21-390-03431,2022,3939.0719999999856
21-390-03432,2022,3197.724
21-390-03433,2022,5089.815000000002
21-391-03329,2022,16744.217999999993
21-391-03330,2022,18187.744999999995
21-391-03331,2022,20471.456999999995
21-392-03567,2022,9925.382000000001
21-392-03568,2022,7901.625999999997
21-392-03569,2022,8581.782999999996
21-392-03570,2022,7055.643000000004
21-392-03571,2022,3830.408000000001
21-392-03572,2022,7427.178
21-393-03284,2022,9368.670000000013
21-393-03285,2022,22319.092000000062
21-393-03286,2022,13313.74000000002
21-393-03287,2022,12616.733999999997
21-393-03288,2022,11563.603000000003
21-393-03289,2022,2184.256999999998
21-393-03290,2022,9338.464999999997
21-393-03291,2022,14937.680999999982
21-393-03292,2022,10629.694000000018
21-393-03293,2022,14595.455000000016
21-393-03294,2022,15846.289000000048
21-393-03295,2022,8447.793999999994
21-393-03296,2022,23941.295999999973
21-393-03297,2022,8970.382000000012
21-394-03531,2022,7271.521000000008
21-394-03532,2022,12172.772000000012
21-394-03533,2022,15420.854999999981
21-394-03534,2022,16132.00000000003
21-394-03535,2022,10483.684999999998
21-395-03409,2022,24158.905000000028
21-395-03410,2022,10064.243000000017
21-395-03411,2022,14846.61499999999
21-395-03412,2022,17426.021999999997
21-395-03413,2022,16591.140000000014
21-395-03414,2022,3531.5509999999995
21-395-03415,2022,2345.1540000000023
21-395-03416,2022,11166.019
21-395-03417,2022,12769.464000000036
21-395-03418,2022,13316.554000000004
21-395-03419,2022,11866.68499999994
21-395-03420,2022,9344.00000000003
21-395-03421,2022,10729.67200000002
21-396-03547,2022,6625.9130000000005
21-396-03548,2022,6050.523000000045
21-396-03549,2022,5509.823000000033
21-396-03550,2022,10558.155999999988
21-396-03551,2022,7521.783000000025
21-396-03552,2022,15063.035000000003
21-396-03553,2022,15477.675000000017
21-396-03554,2022,7378.137000000002
21-396-03555,2022,8889.645000000019
21-396-03556,2022,3743.5669999999955
21-396-03557,2022,23476.934000000125
21-397-03513,2022,7536.535999999993
21-397-03514,2022,7186.803000000014
21-397-03515,2022,19846.879000000015
21-397-03516,2022,18995.435999999987
21-397-03517,2022,15146.190000000002
21-397-03518,2022,5180.606
21-397-03519,2022,7400.6630000000005
21-397-03520,2022,18799.04999999999
21-397-03521,2022,17830.93299999996
21-397-03522,2022,21346.889999999956
21-398-03466,2022,6463.960999999996
21-398-03467,2022,13307.266000000003
21-398-03468,2022,13447.998000000021
21-398-03469,2022,10226.318
21-398-03470,2022,21790.43300000002
21-398-03471,2022,11333.30800000002
21-398-03472,2022,16692.358000000007
21-398-03473,2022,6101.899000000005
21-398-03474,2022,10050.295000000042
21-398-03475,2022,7012.659000000014
21-398-03476,2022,8980.379
21-398-03477,2022,4035.9779999999955
21-398-03478,2022,8257.48000000001
21-398-03479,2022,12828.978000000017
21-399-03480,2022,13952.831999999995
21-399-03481,2022,2894.4759999999987
21-399-03482,2022,15329.832999999984
21-399-03483,2022,10651.66399999999
21-399-03484,2022,12508.960000000021
21-399-03485,2022,15071.293000000063
21-399-03486,2022,9692.722000000009
21-370-03310,2023,6547.853000000003
21-370-03311,2023,4931.912
21-370-03312,2023,12451.793000000005
21-370-03313,2023,13998.856
21-370-03314,2023,4806.330999999999
21-370-03315,2023,8945.780999999999
21-370-03316,2023,4511.264
21-370-03317,2023,9156.790000000008
21-370-03318,2023,4547.466
21-370-03319,2023,9991.073
21-370-03320,2023,8900.165999999997
21-370-03321,2023,9758.163000000004
21-371-03404,2023,22725.962
21-371-03405,2023,1440.542
21-371-03406,2023,3364.829
21-371-03407,2023,3170.6089999999967
21-371-03408,2023,10427.366999999998
21-372-03558,2023,8319.669999999984
21-372-03559,2023,24098.449999999953
21-372-03560,2023,8036.005000000005
21-372-03561,2023,10750.144
21-372-03562,2023,6914.045000000002
21-372-03563,2023,17295.066
21-372-03564,2023,6684.537000000011
21-372-03565,2023,5531.593000000001
21-372-03566,2023,8068.025999999998
21-373-03346,2023,8945.031000000003
21-373-03347,2023,10386.959000000003
21-373-03348,2023,7771.0639999999985
21-374-03573,2023,7068.128999999986
21-374-03574,2023,5321.882000000012
21-374-03575,2023,44925.477999999945
21-374-03576,2023,5211.49500000001
21-374-03577,2023,4950.307000000015
21-374-03578,2023,6181.346999999994
21-374-03579,2023,5474.597000000009
21-374-03580,2023,5751.601999999984
21-374-03581,2023,8180.011000000013
21-374-03582,2023,7693.042999999976
21-374-03583,2023,14919.811000000002
21-374-03584,2023,4378.263
21-374-03585,2023,11091.388000000006
21-374-03586,2023,15955.09599999999
21-374-03587,2023,5897.691000000001
21-374-03588,2023,9892.641000000003
21-374-03589,2023,8112.907999999996
21-375-03443,2023,15333.164999999979
21-375-03444,2023,11404.714000000007
21-375-03445,2023,15416.004000000015
21-375-03446,2023,14792.905
21-375-03447,2023,14089.790000000037
21-375-03448,2023,11865.06700000001
21-375-03449,2023,13904.84
21-375-03450,2023,15886.228999999992
21-375-03451,2023,25161.39300000004
21-375-03452,2023,19007.013999999966
21-375-03453,2023,11399.890000000014
21-375-03454,2023,3527.566999999999
21-375-03455,2023,7775.770999999999
21-376-03487,2023,16296.533999999985
21-376-03488,2023,3443.6619999999966
21-376-03489,2023,14681.021000000008
21-376-03490,2023,4964.592000000004
21-376-03491,2023,16532.52799999999
21-376-03492,2023,4347.459999999999
21-376-03493,2023,5964.232999999993
21-376-03494,2023,3260.0610000000015
21-376-03495,2023,4758.639999999999
21-376-03496,2023,9368.978000000003
21-376-03497,2023,7975.706999999995
21-376-03498,2023,11695.616999999998
21-376-03499,2023,4526.542000000002
21-376-03500,2023,11206.621
21-376-03501,2023,10073.194999999978
21-376-03502,2023,8004.351999999999
21-376-03503,2023,8023.846000000005
21-376-03504,2023,6422.337999999989
21-376-03505,2023,10785.869000000006
21-376-03506,2023,8572.777000000002
21-376-03507,2023,6954.142000000007
21-376-03508,2023,5017.996999999996
21-376-03509,2023,4747.733
21-376-03510,2023,9298.358999999997
21-376-03511,2023,2957.3039999999964
21-376-03512,2023,8689.729000000021
21-377-03298,2023,6892.007000000005
21-377-03299,2023,23403.281000000075
21-377-03300,2023,18295.388000000006
21-377-03301,2023,6072.889999999999
21-377-03302,2023,14084.205999999947
21-377-03303,2023,8267.99500000001
21-377-03304,2023,8289.345000000001
21-377-03305,2023,10651.850999999995
21-377-03306,2023,12573.329999999958
21-377-03307,2023,29311.396999999997
21-377-03308,2023,8088.960000000006
21-377-03309,2023,10397.910000000003
21-378-03322,2023,18043.937000000005
21-378-03323,2023,18978.115000000005
21-378-03324,2023,6535.725000000006
21-378-03325,2023,8670.830999999976
21-378-03326,2023,18209.35699999999
21-378-03327,2023,12708.592000000004
21-378-03328,2023,13023.221000000005
21-379-03434,2023,14861.059999999998
21-379-03435,2023,10637.334
21-379-03436,2023,9713.895000000002
21-379-03437,2023,21941.852999999974
21-379-03438,2023,24765.02400000002
21-379-03439,2023,8074.262999999999
21-379-03440,2023,16409.691000000006
21-379-03441,2023,13678.649999999994
21-379-03442,2023,10630.18399999998
21-380-03386,2023,9431.167000000001
21-380-03387,2023,2070.0549999999994
21-380-03388,2023,9059.640000000007
21-380-03389,2023,10737.893000000011
21-380-03390,2023,18535.547999999988
21-380-03391,2023,1908.048999999999
21-380-03392,2023,4145.610000000001
21-380-03393,2023,9499.46
21-381-03332,2023,11219.731000000002
21-381-03333,2023,7650.707
21-381-03334,2023,2712.119000000006
21-381-03335,2023,7909.812999999995
21-381-03336,2023,1507.0270000000019
21-381-03337,2023,40257.015999999945
21-381-03338,2023,1885.6820000000025
21-381-03339,2023,11079.653000000006
21-381-03340,2023,11005.450000000004
21-381-03341,2023,9340.70199999999
21-381-03342,2023,4490.225
21-381-03343,2023,11826.496
21-381-03344,2023,15836.944999999992
21-381-03345,2023,3289.4480000000003
21-382-03394,2023,19888.958000000013
21-382-03395,2023,12250.982999999993
21-382-03396,2023,14723.421000000002
21-382-03397,2023,10246.600000000006
21-382-03398,2023,22324.667
21-382-03399,2023,13885.51400000001
21-382-03400,2023,10283.805999999997
21-382-03401,2023,10018.290999999997
21-382-03402,2023,7367.108999999999
21-382-03403,2023,14214.02900000001
21-383-03349,2023,10171.378000000012
21-383-03350,2023,15987.250999999997
21-383-03351,2023,13643.771
21-383-03352,2023,13397.730000000001
21-383-03353,2023,9170.483999999997
21-383-03354,2023,11216.673999999999
21-383-03355,2023,7979.344999999972
21-383-03356,2023,5236.842000000001
21-384-03276,2023,11319.373
21-384-03277,2023,8913.843999999997
21-384-03278,2023,11827.831000000002
21-384-03279,2023,19820.141000000003
21-384-03280,2023,8114.023000000005
21-384-03281,2023,4927.668999999999
21-384-03282,2023,12567.693999999989
21-384-03283,2023,13440.797999999995
21-385-03523,2023,8777.881999999998
21-385-03524,2023,6455.07
21-385-03525,2023,1084.2110000000002
21-385-03526,2023,5978.500000000001
21-385-03527,2023,12620.68
21-385-03528,2023,11091.388000000006
21-385-03529,2023,10793.107000000004
21-385-03530,2023,12985.662000000011
21-386-03456,2023,2997.415000000001
21-386-03457,2023,7388.693999999989
21-386-03458,2023,7434.822000000015
21-386-03459,2023,13176.10500000001
21-386-03460,2023,78978.26399999997
21-386-03461,2023,6638.383000000016
21-386-03462,2023,2158.6119999999937
21-386-03463,2023,14068.879000000015
21-386-03464,2023,14540.671999999991
21-386-03465,2023,16299.755000000005
21-387-03536,2023,5493.616999999998
21-387-03537,2023,29306.706000000006
21-387-03538,2023,3851.499999999998
21-387-03539,2023,5758.148000000001
21-387-03540,2023,6560.32
21-387-03541,2023,11725.199999999997
21-387-03542,2023,4490.625999999997
21-387-03543,2023,8444.12599999999
21-387-03544,2023,10209.667
21-387-03545,2023,8727.181999999993
21-387-03546,2023,4498.131999999998
21-388-03364,2023,8118.970000000001
21-388-03365,2023,5304.789000000004
21-388-03366,2023,4252.676000000007
21-388-03367,2023,10706.746999999974
21-388-03368,2023,12073.481
21-388-03369,2023,15993.814000000013
21-388-03370,2023,16801.561999999994
21-388-03371,2023,16554.341
21-388-03372,2023,15067.833000000013
21-388-03373,2023,4636.761000000002
21-388-03374,2023,9872.724999999999
21-388-03375,2023,7989.508999999991
21-388-03376,2023,10510.100999999995
21-388-03377,2023,14497.183999999994
21-388-03378,2023,28449.69199999999
21-388-03379,2023,8903.856000000003
21-388-03380,2023,14351.703000000001
21-388-03381,2023,11022.895999999993
21-388-03382,2023,44180.147
21-388-03383,2023,9052.741000000002
21-388-03384,2023,3495.5460000000003
21-388-03385,2023,12599.77400000002
21-389-03357,2023,7219.19999999999
21-389-03358,2023,7388.148000000001
21-389-03359,2023,1868.668999999998
21-389-03360,2023,15540.896999999997
21-389-03361,2023,4591.982999999993
21-389-03362,2023,8358.602000000014
21-389-03363,2023,23746.588000000105
21-390-03422,2023,7955.213999999993
21-390-03423,2023,5784.519999999997
21-390-03424,2023,11281.997999999992
21-390-03425,2023,838.3480000000018
21-390-03426,2023,5978.456000000006
21-390-03427,2023,10348.220000000001
21-390-03428,2023,4248.7019999999975
21-390-03429,2023,7101.379000000015
21-390-03430,2023,8525.846000000005
21-390-03431,2023,3975.6439999999857
21-390-03432,2023,3198.358
21-390-03433,2023,5116.82
21-391-03329,2023,16926.23099999997
21-391-03330,2023,18307.40499999997
21-391-03331,2023,20625.549
21-392-03567,2023,9938.089
21-392-03568,2023,7931.731999999996
21-392-03569,2023,8600.930999999997
21-392-03570,2023,7089.390999999996
21-392-03571,2023,3831.5010000000007
21-392-03572,2023,7478.995999999999
21-393-03284,2023,9438.654999999999
21-393-03285,2023,22729.28899999999
21-393-03286,2023,13436.529999999999
21-393-03287,2023,12760.837999999989
21-393-03288,2023,11736.841000000015
21-393-03289,2023,2226.0939999999973
21-393-03290,2023,9462.404999999999
21-393-03291,2023,15116.011999999988
21-393-03292,2023,10751.193000000028
21-393-03293,2023,14784.23999999999
21-393-03294,2023,16047.918000000063
21-393-03295,2023,8544.463000000018
21-393-03296,2023,24197.571999999986
21-393-03297,2023,9082.369000000006
21-394-03531,2023,7332.422000000006
21-394-03532,2023,12222.798999999999
21-394-03533,2023,15542.50999999998
21-394-03534,2023,16246.810000000027
21-394-03535,2023,10548.545000000013
21-395-03409,2023,24393.780000000028
21-395-03410,2023,10203.505999999994
21-395-03411,2023,15021.785000000033
21-395-03412,2023,17574.00900000002
21-395-03413,2023,16699.650000000023
21-395-03414,2023,3562.832000000002
21-395-03415,2023,2331.5730000000003
21-395-03416,2023,11263.29800000001
21-395-03417,2023,12874.878000000026
21-395-03418,2023,13446.677999999956
21-395-03419,2023,12001.169999999984
21-395-03420,2023,9411.820000000007
21-395-03421,2023,10828.334000000003
21-396-03547,2023,6644.610999999997
21-396-03548,2023,6184.701000000001
21-396-03549,2023,5615.091000000015
21-396-03550,2023,10642.131999999983
21-396-03551,2023,7587.676000000007
21-396-03552,2023,15182.01999999999
21-396-03553,2023,15581.170000000013
21-396-03554,2023,7432.203999999998
21-396-03555,2023,8977.36500000002
21-396-03556,2023,3777.6889999999985
21-396-03557,2023,23746.588000000105
21-397-03513,2023,7605.491999999998
21-397-03514,2023,7265.436000000016
21-397-03515,2023,20022.25800000003
21-397-03516,2023,19211.28199999995
21-397-03517,2023,15323.854999999981
21-397-03518,2023,5218.372000000003
21-397-03519,2023,7466.906000000017
21-397-03520,2023,18995.570000000007
21-397-03521,2023,17995.185999999987
21-397-03522,2023,21570.169999999984
21-398-03466,2023,6504.652000000002
21-398-03467,2023,13466.736999999965
21-398-03468,2023,13568.931000000011
21-398-03469,2023,10321.705999999976
21-398-03470,2023,21972.771000000008
21-398-03471,2023,11436.181000000011
21-398-03472,2023,16850.511
21-398-03473,2023,6124.858000000007
21-398-03474,2023,10201.085000000021
21-398-03475,2023,7073.903000000006
21-398-03476,2023,9037.848000000013
21-398-03477,2023,4058.275999999998
21-398-03478,2023,8328.154999999999
21-398-03479,2023,12896.466
21-399-03480,2023,14040.008999999991
21-399-03481,2023,2911.4370000000017
21-399-03482,2023,15541.045999999973
21-399-03483,2023,10837.733000000007
21-399-03484,2023,12663.630000000005
21-399-03485,2023,15275.156000000017
21-399-03486,2023,9919.00900000002
21-370-03310,2024,6572.472000000002
21-370-03311,2024,4916.9180000000015
21-370-03312,2024,12443.367000000006
21-370-03313,2024,14024.273999999998
21-370-03314,2024,4809.863999999999
21-370-03315,2024,8957.603999999996
21-370-03316,2024,4514.365999999999
21-370-03317,2024,9192.214999999997
21-370-03318,2024,4548.654
21-370-03319,2024,9998.222
21-370-03320,2024,8917.858999999997
21-370-03321,2024,9778.292000000005
21-371-03404,2024,22806.868000000017
21-371-03405,2024,1442.393
21-371-03406,2024,3367.801
21-371-03407,2024,3211.316000000006
21-371-03408,2024,10508.207999999984
21-372-03558,2024,8366.469999999987
21-372-03559,2024,24266.51999999996
21-372-03560,2024,8101.0
21-372-03561,2024,10772.055999999997
21-372-03562,2024,6923.09
21-372-03563,2024,17294.884000000002
21-372-03564,2024,6721.568000000014
21-372-03565,2024,5549.5669999999955
21-372-03566,2024,8090.504000000001
21-373-03346,2024,8996.239000000001
21-373-03347,2024,10430.971000000005
21-373-03348,2024,7805.696000000011
21-374-03573,2024,7142.926000000007
21-374-03574,2024,5357.133000000002
21-374-03575,2024,45194.68199999997
21-374-03576,2024,5250.275000000009
21-374-03577,2024,4991.17300000001
21-374-03578,2024,6225.008000000002
21-374-03579,2024,5502.293000000005
21-374-03580,2024,5798.847999999998
21-374-03581,2024,8244.199000000008
21-374-03582,2024,7783.886999999988
21-374-03583,2024,14954.073999999993
21-374-03584,2024,4375.112
21-374-03585,2024,11208.736999999994
21-374-03586,2024,16004.453999999998
21-374-03587,2024,5905.474
21-374-03588,2024,9939.608999999997
21-374-03589,2024,8135.361999999994
21-375-03443,2024,15581.320000000007
21-375-03444,2024,11455.856
21-375-03445,2024,15587.060999999987
21-375-03446,2024,14799.34
21-375-03447,2024,14250.195000000007
21-375-03448,2024,11946.30800000002
21-375-03449,2024,13920.485
21-375-03450,2024,16019.555999999982
21-375-03451,2024,25321.28700000001
21-375-03452,2024,19178.305999999982
21-375-03453,2024,11525.650000000023
21-375-03454,2024,3527.8379999999993
21-375-03455,2024,7783.5689999999995
21-376-03487,2024,16380.630999999994
21-376-03488,2024,3477.782999999996
21-376-03489,2024,14879.14400000003
21-376-03490,2024,5016.838000000003
21-376-03491,2024,16603.242
21-376-03492,2024,4316.305
21-376-03493,2024,6017.536999999997
21-376-03494,2024,3279.4389999999985
21-376-03495,2024,4785.385000000002
21-376-03496,2024,9384.482000000004
21-376-03497,2024,8009.608000000007
21-376-03498,2024,11791.622999999992
21-376-03499,2024,4529.668000000002
21-376-03500,2024,11237.298999999999
21-376-03501,2024,10149.629999999976
21-376-03502,2024,8047.332999999999
21-376-03503,2024,8046.344000000005
21-376-03504,2024,6491.446999999986
21-376-03505,2024,10884.741000000009
21-376-03506,2024,8628.267999999996
21-376-03507,2024,7001.028000000006
21-376-03508,2024,5044.752999999997
21-376-03509,2024,4762.9569999999985
21-376-03510,2024,9280.475999999995
21-376-03511,2024,2975.050999999992
21-376-03512,2024,8754.591000000015
21-377-03298,2024,6917.878000000004
21-377-03299,2024,23671.399000000092
21-377-03300,2024,18378.867
21-377-03301,2024,6099.82
21-377-03302,2024,14276.80899999995
21-377-03303,2024,8325.559999999998
21-377-03304,2024,8309.185000000005
21-377-03305,2024,10690.629
21-377-03306,2024,12748.699999999953
21-377-03307,2024,29440.717999999993
21-377-03308,2024,8142.270000000004
21-377-03309,2024,10453.880000000005
21-378-03322,2024,18119.79800000001
21-378-03323,2024,18915.850000000006
21-378-03324,2024,6597.625000000015
21-378-03325,2024,8775.093999999983
21-378-03326,2024,18267.41799999999
21-378-03327,2024,12749.922999999995
21-378-03328,2024,13061.058999999994
21-379-03434,2024,14849.309999999998
21-379-03435,2024,10636.721000000001
21-379-03436,2024,9722.885
21-379-03437,2024,22025.10699999999
21-379-03438,2024,24818.22600000001
21-379-03439,2024,8064.091999999997
21-379-03440,2024,16446.274000000005
21-379-03441,2024,13646.034999999989
21-379-03442,2024,10718.380999999965
21-380-03386,2024,9397.328000000009
21-380-03387,2024,2066.374999999999
21-380-03388,2024,9031.230000000003
21-380-03389,2024,10702.607000000004
21-380-03390,2024,18504.281999999992
21-380-03391,2024,1890.7260000000024
21-380-03392,2024,4136.4050000000025
21-380-03393,2024,9472.050000000003
21-381-03332,2024,11224.869000000002
21-381-03333,2024,7653.953
21-381-03334,2024,2737.8009999999995
21-381-03335,2024,7952.922000000006
21-381-03336,2024,1489.9930000000022
21-381-03337,2024,40415.198999999964
21-381-03338,2024,1877.7230000000018
21-381-03339,2024,11140.801999999996
21-381-03340,2024,11040.81500000001
21-381-03341,2024,9385.747999999992
21-381-03342,2024,4497.514999999999
21-381-03343,2024,11820.633999999998
21-381-03344,2024,15856.764999999992
21-381-03345,2024,3306.5920000000006
21-382-03394,2024,19959.44200000001
21-382-03395,2024,12306.84199999999
21-382-03396,2024,14801.228999999992
21-382-03397,2024,10303.530000000013
21-382-03398,2024,22376.092999999993
21-382-03399,2024,13948.436000000016
21-382-03400,2024,10283.578999999996
21-382-03401,2024,10062.323999999993
21-382-03402,2024,7365.790999999997
21-382-03403,2024,14248.871
21-383-03349,2024,10219.892000000007
21-383-03350,2024,16004.558999999994
21-383-03351,2024,13675.544000000002
21-383-03352,2024,13397.960000000003
21-383-03353,2024,9223.811000000002
21-383-03354,2024,11425.831000000006
21-383-03355,2024,8104.159999999974
21-383-03356,2024,5226.758000000002
21-384-03276,2024,11295.782
21-384-03277,2024,8942.625999999997
21-384-03278,2024,11819.739000000001
21-384-03279,2024,20013.40400000004
21-384-03280,2024,8104.592000000004
21-384-03281,2024,4926.3409999999985
21-384-03282,2024,12613.046000000002
21-384-03283,2024,13491.081999999995
21-385-03523,2024,8792.122999999996
21-385-03524,2024,6474.57
21-385-03525,2024,1083.7890000000002
21-385-03526,2024,5981.485000000001
21-385-03527,2024,12624.39
21-385-03528,2024,11208.736999999994
21-385-03529,2024,10748.378000000012
21-385-03530,2024,13075.488000000012
21-386-03456,2024,3019.9900000000052
21-386-03457,2024,7445.955999999991
21-386-03458,2024,7518.828000000009
21-386-03459,2024,13289.390000000014
21-386-03460,2024,79735.83600000013
21-386-03461,2024,6688.612000000008
21-386-03462,2024,2181.4379999999946
21-386-03463,2024,14259.185999999987
21-386-03464,2024,14621.127999999997
21-386-03465,2024,16471.744999999995
21-387-03536,2024,5514.758000000002
21-387-03537,2024,29401.209000000003
21-387-03538,2024,3855.789999999999
21-387-03539,2024,5818.697
21-387-03540,2024,6588.934999999998
21-387-03541,2024,11777.735
21-387-03542,2024,4518.023999999998
21-387-03543,2024,8500.578999999998
21-387-03544,2024,10218.997999999998
21-387-03545,2024,8745.977999999996
21-387-03546,2024,4507.092999999997
21-388-03364,2024,8131.545000000002
21-388-03365,2024,5348.606000000014
21-388-03366,2024,4209.093999999997
21-388-03367,2024,10783.512999999977
21-388-03368,2024,12133.813999999998
21-388-03369,2024,16055.396000000008
21-388-03370,2024,16811.462999999996
21-388-03371,2024,16610.524000000005
21-388-03372,2024,15153.392000000022
21-388-03373,2024,4624.519
21-388-03374,2024,9904.96
21-388-03375,2024,8016.825999999994
21-388-03376,2024,10579.013999999996
21-388-03377,2024,14553.510999999999
21-388-03378,2024,28494.107999999986
21-388-03379,2024,8917.324000000004
21-388-03380,2024,14360.912
21-388-03381,2024,11064.903999999995
21-388-03382,2024,44273.15299999999
21-388-03383,2024,9072.034
21-388-03384,2024,3503.6989999999987
21-388-03385,2024,12646.656000000017
21-389-03357,2024,7245.444999999992
21-389-03358,2024,7411.842000000004
21-389-03359,2024,1883.0809999999983
21-389-03360,2024,15595.648000000001
21-389-03361,2024,4620.496999999996
21-389-03362,2024,8402.978000000003
21-389-03363,2024,24016.242000000086
21-390-03422,2024,8005.59599999999
21-390-03423,2024,5817.904999999992
21-390-03424,2024,11355.171999999991
21-390-03425,2024,831.7620000000006
21-390-03426,2024,6011.789000000004
21-390-03427,2024,10423.815000000002
21-390-03428,2024,4276.137999999999
21-390-03429,2024,7173.451000000001
21-390-03430,2024,8575.194000000003
21-390-03431,2024,4012.215999999986
21-390-03432,2024,3198.992
21-390-03433,2024,5143.824999999997
21-391-03329,2024,17108.244000000006
21-391-03330,2024,18427.064999999973
21-391-03331,2024,20779.641000000003
21-392-03567,2024,9950.795999999998
21-392-03568,2024,7961.838000000003
21-392-03569,2024,8620.078999999998
21-392-03570,2024,7123.139000000003
21-392-03571,2024,3832.5940000000005
21-392-03572,2024,7530.8139999999985
21-393-03284,2024,9508.640000000014
21-393-03285,2024,23139.486000000034
21-393-03286,2024,13559.320000000007
21-393-03287,2024,12904.94199999998
21-393-03288,2024,11910.079000000027
21-393-03289,2024,2267.930999999997
21-393-03290,2024,9586.345000000001
21-393-03291,2024,15294.342999999993
21-393-03292,2024,10872.69200000001
21-393-03293,2024,14973.025000000023
21-393-03294,2024,16249.54700000002
21-393-03295,2024,8641.132000000012
21-393-03296,2024,24453.847999999998
21-393-03297,2024,9194.356
21-394-03531,2024,7393.323000000004
21-394-03532,2024,12272.826000000001
21-394-03533,2024,15664.164999999979
21-394-03534,2024,16361.620000000024
21-394-03535,2024,10613.404999999999
21-395-03409,2024,24628.655000000028
21-395-03410,2024,10342.76900000003
21-395-03411,2024,15196.955000000016
21-395-03412,2024,17721.995999999985
21-395-03413,2024,16808.160000000033
21-395-03414,2024,3594.1129999999976
21-395-03415,2024,2317.992000000002
21-395-03416,2024,11360.57699999999
21-395-03417,2024,12980.292000000016
21-395-03418,2024,13576.801999999967
21-395-03419,2024,12135.65499999997
21-395-03420,2024,9479.640000000014
21-395-03421,2024,10926.996000000014
21-396-03547,2024,6663.308999999994
21-396-03548,2024,6318.879000000015
21-396-03549,2024,5720.359000000026
21-396-03550,2024,10726.107999999978
21-396-03551,2024,7653.569000000018
21-396-03552,2024,15301.005000000005
21-396-03553,2024,15684.665000000008
21-396-03554,2024,7486.270999999993
21-396-03555,2024,9065.085000000021
21-396-03556,2024,3811.8110000000015
21-396-03557,2024,24016.242000000086
21-397-03513,2024,7674.448000000004
21-397-03514,2024,7344.068999999989
21-397-03515,2024,20197.636999999988
21-397-03516,2024,19427.127999999968
21-397-03517,2024,15501.51999999996
21-397-03518,2024,5256.138000000006
21-397-03519,2024,7533.149000000005
21-397-03520,2024,19192.089999999967
21-397-03521,2024,18159.438999999955
21-397-03522,2024,21793.449999999953
21-398-03466,2024,6545.3429999999935
21-398-03467,2024,13626.207999999984
21-398-03468,2024,13689.864000000001
21-398-03469,2024,10417.093999999983
21-398-03470,2024,22155.108999999997
21-398-03471,2024,11539.054000000004
21-398-03472,2024,17008.66399999999
21-398-03473,2024,6147.817000000003
21-398-03474,2024,10351.875
21-398-03475,2024,7135.147000000012
21-398-03476,2024,9095.31700000001
21-398-03477,2024,4080.5740000000005
21-398-03478,2024,8398.829999999987
21-398-03479,2024,12963.954000000012
21-399-03480,2024,14127.185999999987
21-399-03481,2024,2928.3980000000047
21-399-03482,2024,15752.25900000002
21-399-03483,2024,11023.801999999967
21-399-03484,2024,12818.299999999988
21-399-03485,2024,15479.01900000003
21-399-03486,2024,10145.296000000031
